"Vitamin_id","Vitamin_name","protein_id","protein_name","Uniprot","geneid"
2,Vitamin A,13649,BECN1_HUMAN,A0A024R1X5,8678
2,Vitamin A,20042,NPT2A_HUMAN,A0A024R7R9,6569
2,Vitamin A,10799,PENK_HUMAN,A0A024R7V4,5179
2,Vitamin A,18907,PPBT_HUMAN,A0A024RAB4,249
2,Vitamin A,16898,AT2B1_HUMAN,A0A024RBC7,490
2,Vitamin A,18845,PPARD_HUMAN,A0A024RCW6,5467
2,Vitamin A,6009,HEM2_HUMAN,A0A140VJL9,210
2,Vitamin A,2283,CATA_HUMAN,A0A384P5Q0,847
2,Vitamin A,16733,TGFB1_HUMAN,A0A499FJK2,7040
2,Vitamin A,13543,CP1A1_HUMAN,A0N0X8,1543
2,Vitamin A,11953,LEP_HUMAN,A4D0Y8,3952
2,Vitamin A,13378,BMP7_HUMAN,A8K571,655
2,Vitamin A,19023,PPARG_HUMAN,E9PFV2,5468
2,Vitamin A,985,EPO_HUMAN,G9JKG7,2056
2,Vitamin A,4341,SGK1_HUMAN,O00141,6446
2,Vitamin A,16448,TAF4_HUMAN,O00268,6874
2,Vitamin A,10118,PLOD2_HUMAN,O00469,5352
2,Vitamin A,19662,NR5A2_HUMAN,O00482,2494
2,Vitamin A,2088,CYR61_HUMAN,O00622,3491
2,Vitamin A,10935,PDXK_HUMAN,O00764,8566
2,Vitamin A,913,ENPP3_HUMAN,O14638,5169
2,Vitamin A,16514,TMG2_HUMAN,O14669,5639
2,Vitamin A,15547,ABCD4_HUMAN,O14678,5826
2,Vitamin A,18210,PAHX_HUMAN,O14832,5264
2,Vitamin A,3205,DEGS1_HUMAN,O15121,8560
2,Vitamin A,9019,TIF1A_HUMAN,O15164,8805
2,Vitamin A,4066,S22A2_HUMAN,O15244,6582
2,Vitamin A,4226,S22A1_HUMAN,O15245,6580
2,Vitamin A,13590,BCAT2_HUMAN,O15382,587
2,Vitamin A,18516,P4HA2_HUMAN,O15460,8974
2,Vitamin A,3060,CP27B_HUMAN,O15528,1594
2,Vitamin A,51,CP26A_HUMAN,O43174,1592
2,Vitamin A,7704,SNAI2_HUMAN,O43623,6591
2,Vitamin A,13135,CALU_HUMAN,O43852,813
2,Vitamin A,11572,MED14_HUMAN,O60244,9282
2,Vitamin A,94,CUBN_HUMAN,O60494,8029
2,Vitamin A,9886,PLOD3_HUMAN,O60568,8985
2,Vitamin A,9369,SEP15_HUMAN,O60613,9403
2,Vitamin A,19360,JAK2_HUMAN,O60674,3717
2,Vitamin A,8230,S19A2_HUMAN,O60779,10560
2,Vitamin A,19938,NCOR1_HUMAN,O75376,9611
2,Vitamin A,11579,MED24_HUMAN,O75448,9862
2,Vitamin A,12861,NR1I2_HUMAN,O75469,8856
2,Vitamin A,1262,DHRS3_HUMAN,O75911,9249
2,Vitamin A,3850,PRAF3_HUMAN,O75915,10550
2,Vitamin A,8229,S14L2_HUMAN,O76054,23541
2,Vitamin A,16288,STC2_HUMAN,O76061,8614
2,Vitamin A,15881,AL1A2_HUMAN,O94788,8854
2,Vitamin A,12138,LRAT_HUMAN,O95237,9227
2,Vitamin A,15632,ABCA1_HUMAN,O95477,19
2,Vitamin A,14446,VNN1_HUMAN,O95497,8876
2,Vitamin A,14483,VNN2_HUMAN,O95498,8875
2,Vitamin A,9428,SNAI1_HUMAN,O95863,6615
2,Vitamin A,118,CYB5_HUMAN,P00167,1528
2,Vitamin A,16071,AL1A1_HUMAN,P00352,216
2,Vitamin A,12388,NB5R3_HUMAN,P00387,1727
2,Vitamin A,4782,SODC_HUMAN,P00441,6647
2,Vitamin A,16701,THRB_HUMAN,P00734,2147
2,Vitamin A,1629,FA9_HUMAN,P00740,2158
2,Vitamin A,1457,FA10_HUMAN,P00742,2159
2,Vitamin A,10799,PENK_HUMAN,P01210,5179
2,Vitamin A,9712,TSHB_HUMAN,P01222,7252
2,Vitamin A,3555,PTHY_HUMAN,P01270,5741
2,Vitamin A,7777,TNFA_HUMAN,P01375,7124
2,Vitamin A,5706,IFNG_HUMAN,P01579,3458
2,Vitamin A,985,EPO_HUMAN,P01588,2056
2,Vitamin A,14091,CO1A1_HUMAN,P02452,1277
2,Vitamin A,15433,APOA1_HUMAN,P02647,335
2,Vitamin A,10169,RET4_HUMAN,P02753,5950
2,Vitamin A,15887,ALBU_HUMAN,P02768,213
2,Vitamin A,14493,VTDB_HUMAN,P02774,2638
2,Vitamin A,468,CXL10_HUMAN,P02778,3627
2,Vitamin A,3571,OSTCN_HUMAN,P02818,632
2,Vitamin A,13427,C4BPA_HUMAN,P04003,722
2,Vitamin A,2283,CATA_HUMAN,P04040,847
2,Vitamin A,3720,PROC_HUMAN,P04070,5624
2,Vitamin A,9390,SHBG_HUMAN,P04278,6462
2,Vitamin A,13543,CP1A1_HUMAN,P04798,1543
2,Vitamin A,5444,TYSY_HUMAN,P04818,7298
2,Vitamin A,17275,ARGI1_HUMAN,P05089,383
2,Vitamin A,15518,APOD_HUMAN,P05090,347
2,Vitamin A,393,CP11A_HUMAN,P05108,1583
2,Vitamin A,18907,PPBT_HUMAN,P05186,249
2,Vitamin A,11340,KPCB_HUMAN,P05771,5579
2,Vitamin A,13222,CALB1_HUMAN,P05937,793
2,Vitamin A,9980,PRGR_HUMAN,P06401,5241
2,Vitamin A,3654,PYGL_HUMAN,P06737,5836
2,Vitamin A,760,GPX1_HUMAN,P07203,2876
2,Vitamin A,3908,PROS_HUMAN,P07225,5627
2,Vitamin A,6521,FES_HUMAN,P07332,2242
2,Vitamin A,6956,IGF1R_HUMAN,P08069,3480
2,Vitamin A,11805,MGP_HUMAN,P08493,4256
2,Vitamin A,574,CP3A4_HUMAN,P08684,1576
2,Vitamin A,2087,FA7_HUMAN,P08709,2155
2,Vitamin A,1252,DOPO_HUMAN,P09172,1621
2,Vitamin A,17594,GSTA2_HUMAN,P09210,2939
2,Vitamin A,5993,GSTP1_HUMAN,P09211,2950
2,Vitamin A,10026,RET1_HUMAN,P09455,5947
2,Vitamin A,6069,HMOX1_HUMAN,P09601,3162
2,Vitamin A,11868,LOX5_HUMAN,P09917,240
2,Vitamin A,10723,RARA_HUMAN,P10276,5914
2,Vitamin A,18638,OSTP_HUMAN,P10451,6696
2,Vitamin A,9885,RET3_HUMAN,P10745,5949
2,Vitamin A,6267,HEM4_HUMAN,P10746,7390
2,Vitamin A,17752,GTR1_HUMAN,P11166,6513
2,Vitamin A,5942,GTR3_HUMAN,P11169,6515
2,Vitamin A,9835,PIM1_HUMAN,P11309,5292
2,Vitamin A,5290,VDR_HUMAN,P11473,7421
2,Vitamin A,2811,CP2C9_HUMAN,P11712,1559
2,Vitamin A,1464,FA5_HUMAN,P12259,2153
2,Vitamin A,4518,RLBP1_HUMAN,P12271,6017
2,Vitamin A,18515,P4HA1_HUMAN,P13674,5033
2,Vitamin A,18838,PPA5_HUMAN,P13686,54
2,Vitamin A,6009,HEM2_HUMAN,P13716,210
2,Vitamin A,14636,TYRO_HUMAN,P14679,7299
2,Vitamin A,17695,GLNA_HUMAN,P15104,2752
2,Vitamin A,19130,NQO1_HUMAN,P15559,1728
2,Vitamin A,8889,TFE2_HUMAN,P15923,6929
2,Vitamin A,18865,NQO2_HUMAN,P16083,4835
2,Vitamin A,2304,CBR1_HUMAN,P16152,873
2,Vitamin A,8616,UD2B7_HUMAN,P16662,7364
2,Vitamin A,19440,KPCA_HUMAN,P17252,5578
2,Vitamin A,19373,KAPCA_HUMAN,P17612,5566
2,Vitamin A,722,ERCC2_HUMAN,P18074,2068
2,Vitamin A,13378,BMP7_HUMAN,P18075,655
2,Vitamin A,15960,AMD_HUMAN,P19021,5066
2,Vitamin A,8172,RXRA_HUMAN,P19793,6256
2,Vitamin A,20088,NFKB1_HUMAN,P19838,4790
2,Vitamin A,16898,AT2B1_HUMAN,P20020,490
2,Vitamin A,8784,TCO1_HUMAN,P20061,6947
2,Vitamin A,8785,TCO2_HUMAN,P20062,6948
2,Vitamin A,17969,GSTM3_HUMAN,P21266,2947
2,Vitamin A,19890,MUTA_HUMAN,P22033,4594
2,Vitamin A,8689,UD14_HUMAN,P22310,54657
2,Vitamin A,1386,ENPP1_HUMAN,P22413,5167
2,Vitamin A,6492,FGFR4_HUMAN,P22455,2264
2,Vitamin A,15788,ADRO_HUMAN,P22570,2232
2,Vitamin A,6618,FGFR3_HUMAN,P22607,2261
2,Vitamin A,3955,PROZ_HUMAN,P22891,8858
2,Vitamin A,2693,DGKA_HUMAN,P23743,1606
2,Vitamin A,2540,CCND1_HUMAN,P24385,595
2,Vitamin A,2996,CDK2_HUMAN,P24941,1017
2,Vitamin A,19394,IF_HUMAN,P27352,2694
2,Vitamin A,4571,RXRB_HUMAN,P28702,6257
2,Vitamin A,10464,RABP2_HUMAN,P29373,1382
2,Vitamin A,10517,PDIA3_HUMAN,P30101,2923
2,Vitamin A,16468,UFO_HUMAN,P30530,558
2,Vitamin A,7585,TSPO_HUMAN,P30536,706
2,Vitamin A,8394,S5A2_HUMAN,P31213,6716
2,Vitamin A,19684,MRP1_HUMAN,P33527,4363
2,Vitamin A,17989,GPC1_HUMAN,P35052,2817
2,Vitamin A,10808,PGH2_HUMAN,P35354,5743
2,Vitamin A,16457,UD13_HUMAN,P35503,54659
2,Vitamin A,13105,CBS_HUMAN,P35520,875
2,Vitamin A,9023,TIMP3_HUMAN,P35625,7078
2,Vitamin A,14293,VKGC_HUMAN,P38435,2677
2,Vitamin A,12042,LICH_HUMAN,P38571,3988
2,Vitamin A,20149,NNMT_HUMAN,P40261,4837
2,Vitamin A,5593,IL15_HUMAN,P40933,3600
2,Vitamin A,11953,LEP_HUMAN,P41159,3952
2,Vitamin A,13097,CASR_HUMAN,P41180,846
2,Vitamin A,3379,PTGDS_HUMAN,P41222,5730
2,Vitamin A,8171,S19A1_HUMAN,P41440,6573
2,Vitamin A,19624,MTHR_HUMAN,P42898,4524
2,Vitamin A,15763,AFAM_HUMAN,P43652,173
2,Vitamin A,5501,GATA4_HUMAN,P43694,2626
2,Vitamin A,15588,ABCG1_HUMAN,P45844,9619
2,Vitamin A,12111,MAP1B_HUMAN,P46821,4131
2,Vitamin A,5421,YAP1_HUMAN,P46937,10413
2,Vitamin A,16043,AL1A3_HUMAN,P47895,220
2,Vitamin A,17966,GSH1_HUMAN,P48506,2729
2,Vitamin A,12863,NR2C2_HUMAN,P49116,7182
2,Vitamin A,5908,FAS_HUMAN,P49327,2194
2,Vitamin A,9630,TTPA_HUMAN,P49638,7274
2,Vitamin A,4925,STC1_HUMAN,P52823,6781
2,Vitamin A,18770,PDX1_HUMAN,P52945,3651
2,Vitamin A,10374,PA216_HUMAN,P53816,11145
2,Vitamin A,10146,PLTP_HUMAN,P55058,5360
2,Vitamin A,19857,MTP_HUMAN,P55157,4547
2,Vitamin A,1857,CDN2D_HUMAN,P55273,1032
2,Vitamin A,4883,SUMO2_HUMAN,P61956,6613
2,Vitamin A,18959,PP2AB_HUMAN,P62714,5516
2,Vitamin A,5275,UBC9_HUMAN,P63279,7329
2,Vitamin A,18821,PP2AA_HUMAN,P67775,5515
2,Vitamin A,6381,FKB1B_HUMAN,P68106,2281
2,Vitamin A,403,CP4F2_HUMAN,P78329,8529
2,Vitamin A,17464,IRX5_HUMAN,P78411,10265
2,Vitamin A,17463,IRX4_HUMAN,P78413,50805
2,Vitamin A,18014,GSTO1_HUMAN,P78417,9446
2,Vitamin A,10864,PHEX_HUMAN,P78562,5251
2,Vitamin A,6250,HEPC_HUMAN,P81172,57817
2,Vitamin A,11930,LRP2_HUMAN,P98164,4036
2,Vitamin A,12788,OCRL_HUMAN,Q01968,4952
2,Vitamin A,55,CP27A_HUMAN,Q02318,1593
2,Vitamin A,10092,PLOD1_HUMAN,Q02809,5351
2,Vitamin A,19563,MUC2_HUMAN,Q02817,4583
2,Vitamin A,18845,PPARD_HUMAN,Q03181,5467
2,Vitamin A,20042,NPT2A_HUMAN,Q06495,6569
2,Vitamin A,18844,PPARA_HUMAN,Q07869,5465
2,Vitamin A,231,CP24A_HUMAN,Q07973,1591
2,Vitamin A,19558,MN1_HUMAN,Q10571,4330
2,Vitamin A,5826,FUT2_HUMAN,Q10981,2524
2,Vitamin A,12859,NR1H3_HUMAN,Q13133,10062
2,Vitamin A,2675,DMP1_HUMAN,Q13316,1758
2,Vitamin A,2987,CENPR_HUMAN,Q13352,23421
2,Vitamin A,9280,SNW1_HUMAN,Q13573,22938
2,Vitamin A,979,ENPP2_HUMAN,Q13822,5168
2,Vitamin A,13729,AUHM_HUMAN,Q13825,549
2,Vitamin A,13958,BAAT_HUMAN,Q14032,570
2,Vitamin A,7655,TOB2_HUMAN,Q14106,10766
2,Vitamin A,4942,TRI25_HUMAN,Q14258,7706
2,Vitamin A,6371,GAS6_HUMAN,Q14393,2621
2,Vitamin A,13649,BECN1_HUMAN,Q14457,8678
2,Vitamin A,19937,NCOA6_HUMAN,Q14686,23054
2,Vitamin A,19186,POSTN_HUMAN,Q15063,10631
2,Vitamin A,11088,RGN_HUMAN,Q15493,9104
2,Vitamin A,8576,TAF11_HUMAN,Q15544,6882
2,Vitamin A,8749,TAF7_HUMAN,Q15545,6879
2,Vitamin A,13270,BGH3_HUMAN,Q15582,7045
2,Vitamin A,11575,MED1_HUMAN,Q15648,5469
2,Vitamin A,19993,NCOA1_HUMAN,Q15788,8648
2,Vitamin A,12816,MSMO1_HUMAN,Q15800,6307
2,Vitamin A,5352,UB2V2_HUMAN,Q15819,7336
2,Vitamin A,4447,RPE65_HUMAN,Q16518,6121
2,Vitamin A,11192,KYNU_HUMAN,Q16719,8942
2,Vitamin A,16444,UPP1_HUMAN,Q16831,7378
2,Vitamin A,7574,TRXR1_HUMAN,Q16881,7296
2,Vitamin A,20338,P3H1_HUMAN,Q32P28,64175
2,Vitamin A,13348,C27C1_HUMAN,Q4G0S4,339761
2,Vitamin A,72,CTL4_HUMAN,Q53GD3,80736
2,Vitamin A,10175,PDZ11_HUMAN,Q5EBL8,51248
2,Vitamin A,13802,ARH_HUMAN,Q5SW96,26119
2,Vitamin A,19282,KANK2_HUMAN,Q63ZY3,25959
2,Vitamin A,2540,CCND1_HUMAN,Q6FI00,595
2,Vitamin A,10723,RARA_HUMAN,Q6I9R7,5914
2,Vitamin A,2958,CCD62_HUMAN,Q6P9F0,84660
2,Vitamin A,2870,CP26C_HUMAN,Q6V0L0,340665
2,Vitamin A,3028,CP2R1_HUMAN,Q6VVX0,120227
2,Vitamin A,760,GPX1_HUMAN,Q7L4Q3,2876
2,Vitamin A,18317,P4HA3_HUMAN,Q7Z4N8,283208
2,Vitamin A,17828,GLRX5_HUMAN,Q86SX6,51218
2,Vitamin A,18287,OSTB_HUMAN,Q86UW2,123264
2,Vitamin A,11853,MMAA_HUMAN,Q8IVH4,166785
2,Vitamin A,20293,P3H2_HUMAN,Q8IVL5,55214
2,Vitamin A,20412,P3H3_HUMAN,Q8IVL6,10536
2,Vitamin A,14540,VKORL_HUMAN,Q8N0U8,154807
2,Vitamin A,13884,CLYBL_HUMAN,Q8N0X4,171425
2,Vitamin A,10006,PIAS4_HUMAN,Q8N2W9,51588
2,Vitamin A,9549,SFRP1_HUMAN,Q8N474,6422
2,Vitamin A,12701,OGFD1_HUMAN,Q8N543,55239
2,Vitamin A,10318,RDH13_HUMAN,Q8NBN7,112724
2,Vitamin A,6558,FAD1_HUMAN,Q8NFF5,80308
2,Vitamin A,7666,TPC2_HUMAN,Q8NHX9,219931
2,Vitamin A,17486,GDAP1_HUMAN,Q8TB36,54332
2,Vitamin A,3499,RDH11_HUMAN,Q8TC12,51109
2,Vitamin A,10205,PIGO_HUMAN,Q8TEQ8,84720
2,Vitamin A,17937,IPO4_HUMAN,Q8TEX9,79711
2,Vitamin A,4051,SCRB1_HUMAN,Q8WTV0,949
2,Vitamin A,16874,AQP3_HUMAN,Q92482,360
2,Vitamin A,10469,RDH1_HUMAN,Q92781,5959
2,Vitamin A,11574,MED12_HUMAN,Q93074,9968
2,Vitamin A,5966,HMR1_HUMAN,Q95460,3140
2,Vitamin A,9962,RIFK_HUMAN,Q969G6,55312
2,Vitamin A,16945,ARRD3_HUMAN,Q96B67,57561
2,Vitamin A,11692,MMAB_HUMAN,Q96EY8,326625
2,Vitamin A,8391,S47A1_HUMAN,Q96FL8,55244
2,Vitamin A,9857,PLPP_HUMAN,Q96GD0,57026
2,Vitamin A,9545,SMRD1_HUMAN,Q96GM5,6602
2,Vitamin A,5602,MED30_HUMAN,Q96HR3,90390
2,Vitamin A,4045,SCLY_HUMAN,Q96I15,51540
2,Vitamin A,1472,EGLN2_HUMAN,Q96KS0,112398
2,Vitamin A,11097,RDH12_HUMAN,Q96NR8,145226
2,Vitamin A,15926,ALKB3_HUMAN,Q96Q83,221120
2,Vitamin A,12860,NR1H4_HUMAN,Q96RI1,9971
2,Vitamin A,15792,ACOX2_HUMAN,Q99424,8309
2,Vitamin A,12130,LGMN_HUMAN,Q99538,5641
2,Vitamin A,2276,CDX2_HUMAN,Q99626,1045
2,Vitamin A,859,GFI1_HUMAN,Q99684,2672
2,Vitamin A,7144,METH_HUMAN,Q99707,4548
2,Vitamin A,14169,VKOR1_HUMAN,Q9BQB6,79001
2,Vitamin A,1923,CSTN3_HUMAN,Q9BQT9,9746
2,Vitamin A,15835,AIFM2_HUMAN,Q9BRQ8,84883
2,Vitamin A,2601,DHRS4_HUMAN,Q9BTZ2,10901
2,Vitamin A,9171,THTPA_HUMAN,Q9BU02,79178
2,Vitamin A,6634,FANCJ_HUMAN,Q9BX63,83990
2,Vitamin A,16560,STRA6_HUMAN,Q9BX79,64220
2,Vitamin A,15394,AMNLS_HUMAN,Q9BXJ7,81693
2,Vitamin A,8044,TMG4_HUMAN,Q9BZD6,79056
2,Vitamin A,4596,S19A3_HUMAN,Q9BZV2,80704
2,Vitamin A,784,EGLN1_HUMAN,Q9GZT9,54583
2,Vitamin A,5778,FGF23_HUMAN,Q9GZV9,8074
2,Vitamin A,11849,MMAD_HUMAN,Q9H3L0,27249
2,Vitamin A,15187,TXNIP_HUMAN,Q9H3M7,10628
2,Vitamin A,9671,TPK1_HUMAN,Q9H3S4,27010
2,Vitamin A,17666,GSTO2_HUMAN,Q9H4Y5,119391
2,Vitamin A,1383,EGLN3_HUMAN,Q9H6Z9,112399
2,Vitamin A,18222,PANK3_HUMAN,Q9H999,79646
2,Vitamin A,8196,S52A2_HUMAN,Q9HAB3,79581
2,Vitamin A,18967,PPCS_HUMAN,Q9HAB8,79717
2,Vitamin A,13622,BCDO1_HUMAN,Q9HAY6,53630
2,Vitamin A,11098,RDH14_HUMAN,Q9HBH5,57665
2,Vitamin A,396,CP4FB_HUMAN,Q9HBI6,57834
2,Vitamin A,7560,TPC_HUMAN,Q9HC21,60386
2,Vitamin A,398,CP4FC_HUMAN,Q9HCS2,66002
2,Vitamin A,2431,CD320_HUMAN,Q9NPF0,51293
2,Vitamin A,5604,MED4_HUMAN,Q9NPJ6,29079
2,Vitamin A,4090,S52A3_HUMAN,Q9NQ40,113278
2,Vitamin A,2115,CP26B_HUMAN,Q9NR63,56603
2,Vitamin A,18766,MXRA5_HUMAN,Q9NR99,25878
2,Vitamin A,13644,BAZ1A_HUMAN,Q9NRL2,11177
2,Vitamin A,15905,ADPPT_HUMAN,Q9NRN7,60496
2,Vitamin A,12293,LMBD1_HUMAN,Q9NUN5,55788
2,Vitamin A,19648,MED17_HUMAN,Q9NVC6,9440
2,Vitamin A,4212,S52A1_HUMAN,Q9NWF4,55065
2,Vitamin A,18517,P4HTM_HUMAN,Q9NXG6,54681
2,Vitamin A,573,CP39A_HUMAN,Q9NYL5,51302
2,Vitamin A,10199,RDH8_HUMAN,Q9NYR8,50700
2,Vitamin A,19630,MTRR_HUMAN,Q9UBK8,4552
2,Vitamin A,8381,S14L4_HUMAN,Q9UDX3,284904
2,Vitamin A,19436,KLOT_HUMAN,Q9UEF7,9365
2,Vitamin A,4582,S23A2_HUMAN,Q9UGH3,9962
2,Vitamin A,19961,NPCL1_HUMAN,Q9UHC9,29881
2,Vitamin A,4581,S23A1_HUMAN,Q9UHI7,9963
2,Vitamin A,12849,MED13_HUMAN,Q9UHV7,9969
2,Vitamin A,19649,MED23_HUMAN,Q9ULK4,9439
2,Vitamin A,8427,SC5A6_HUMAN,Q9Y289,8884
2,Vitamin A,13710,COG6_HUMAN,Q9Y2V7,57511
2,Vitamin A,5064,TR150_HUMAN,Q9Y2W1,9967
2,Vitamin A,11669,MED16_HUMAN,Q9Y2X0,10025
2,Vitamin A,12634,MMAC_HUMAN,Q9Y4U1,25974
2,Vitamin A,5276,UBIA1_HUMAN,Q9Y5Z9,29914
2,Vitamin A,491,DNM3A_HUMAN,Q9Y6K1,1788
2,Vitamin A,19995,NCOA3_HUMAN,Q9Y6Q9,8202
2,Vitamin A,5290,VDR_HUMAN,F1D8P8,7421
2,Vitamin A,8043,TMG1_HUMAN,O14668,5638
2,Vitamin A,10168,PLPHP_HUMAN,O94903,11212
2,Vitamin A,8441,S100G_HUMAN,P29377,795
2,Vitamin A,10814,RABP1_HUMAN,P29762,1381
2,Vitamin A,10117,RET2_HUMAN,P50120,5948
2,Vitamin A,10144,RET5_HUMAN,P82980,83758
2,Vitamin A,6884,ISX_HUMAN,Q2M1V0,91464
2,Vitamin A,5444,TYSY_HUMAN,Q53Y97,7298
2,Vitamin A,19747,OGFD2_HUMAN,Q6N063,79676
2,Vitamin A,11021,RETST_HUMAN,Q6NUM9,54884
2,Vitamin A,19748,OGFD3_HUMAN,Q6PK18,79701
2,Vitamin A,14126,DR9C7_HUMAN,Q8NEX9,121214
2,Vitamin A,16515,TMG3_HUMAN,Q9BZD7,79057
2,Vitamin A,11805,MGP_HUMAN,A0A024RAX0,4256
2,Vitamin A,10026,RET1_HUMAN,A0A0A0MQT0,5947
2,Vitamin A,14169,VKOR1_HUMAN,A0A0S2Z6I4,79001
2,Vitamin A,15960,AMD_HUMAN,A0A804HIQ0,5066
2,Vitamin A,14636,TYRO_HUMAN,L8B082,7299
2,Vitamin A,12962,CB083_HUMAN,Q53S99,
2,Vitamin A,16288,STC2_HUMAN,Q6FHC9,8614
2,Vitamin A,4170,S23A3_HUMAN,Q6PIS1,151295
2,Vitamin A,11930,LRP2_HUMAN,Q7Z5C0,4036
2,Vitamin A,10170,RET7_HUMAN,Q96R05,116362
2,Vitamin A,4062,S14L3_HUMAN,Q9UDX4,266629
2,Vitamin A,9857,PLPP_HUMAN,A0A024R1I3,57026
2,Vitamin A,19890,MUTA_HUMAN,A0A024RD82,4594
2,Vitamin A,19186,POSTN_HUMAN,A0A024RDS2,10631
2,Vitamin A,15788,ADRO_HUMAN,A0A0A0MSZ4,2232
2,Vitamin A,15788,ADRO_HUMAN,A0A0C4DFN8,2232
2,Vitamin A,19961,NPCL1_HUMAN,A0A0C4DFX6,29881
2,Vitamin A,15788,ADRO_HUMAN,A0A0C4DGN7,2232
2,Vitamin A,3908,PROS_HUMAN,A0A0S2Z4K3,5627
2,Vitamin A,3908,PROS_HUMAN,A0A0S2Z4L3,5627
2,Vitamin A,14169,VKOR1_HUMAN,A0A0S2Z5X7,79001
2,Vitamin A,4582,S23A2_HUMAN,A0A140VK48,9962
2,Vitamin A,8196,S52A2_HUMAN,A0A6Q8PHF8,79581
2,Vitamin A,14540,VKORL_HUMAN,A8K0F7,154807
2,Vitamin A,19890,MUTA_HUMAN,B2R6K1,4594
2,Vitamin A,12860,NR1H4_HUMAN,B6ZGS9,9971
2,Vitamin A,8196,S52A2_HUMAN,E9PKE4,79581
2,Vitamin A,10169,RET4_HUMAN,Q5VY30,5950
2,Vitamin A,8230,S19A2_HUMAN,A0A024R8Y5,10560
2,Vitamin A,14293,VKGC_HUMAN,A0A8I5QJA4,2677
2,Vitamin A,3720,PROC_HUMAN,B4DPC8,5624
2,Vitamin A,4170,S23A3_HUMAN,B7Z508,151295
3,Vitamin B1,6009,HEM2_HUMAN,A0A140VJL9,210
3,Vitamin B1,19662,NR5A2_HUMAN,O00482,2494
3,Vitamin B1,10935,PDXK_HUMAN,O00764,8566
3,Vitamin B1,4066,S22A2_HUMAN,O15244,6582
3,Vitamin B1,4226,S22A1_HUMAN,O15245,6580
3,Vitamin B1,3060,CP27B_HUMAN,O15528,1594
3,Vitamin B1,8230,S19A2_HUMAN,O60779,10560
3,Vitamin B1,8229,S14L2_HUMAN,O76054,23541
3,Vitamin B1,9428,SNAI1_HUMAN,O95863,6615
3,Vitamin B1,4782,SODC_HUMAN,P00441,6647
3,Vitamin B1,15887,ALBU_HUMAN,P02768,213
3,Vitamin B1,5444,TYSY_HUMAN,P04818,7298
3,Vitamin B1,17275,ARGI1_HUMAN,P05089,383
3,Vitamin B1,13222,CALB1_HUMAN,P05937,793
3,Vitamin B1,3654,PYGL_HUMAN,P06737,5836
3,Vitamin B1,6956,IGF1R_HUMAN,P08069,3480
3,Vitamin B1,17594,GSTA2_HUMAN,P09210,2939
3,Vitamin B1,5993,GSTP1_HUMAN,P09211,2950
3,Vitamin B1,6069,HMOX1_HUMAN,P09601,3162
3,Vitamin B1,11868,LOX5_HUMAN,P09917,240
3,Vitamin B1,6267,HEM4_HUMAN,P10746,7390
3,Vitamin B1,5942,GTR3_HUMAN,P11169,6515
3,Vitamin B1,9835,PIM1_HUMAN,P11309,5292
3,Vitamin B1,6009,HEM2_HUMAN,P13716,210
3,Vitamin B1,19130,NQO1_HUMAN,P15559,1728
3,Vitamin B1,18865,NQO2_HUMAN,P16083,4835
3,Vitamin B1,19373,KAPCA_HUMAN,P17612,5566
3,Vitamin B1,722,ERCC2_HUMAN,P18074,2068
3,Vitamin B1,20088,NFKB1_HUMAN,P19838,4790
3,Vitamin B1,16898,AT2B1_HUMAN,P20020,490
3,Vitamin B1,2996,CDK2_HUMAN,P24941,1017
3,Vitamin B1,10464,RABP2_HUMAN,P29373,1382
3,Vitamin B1,10517,PDIA3_HUMAN,P30101,2923
3,Vitamin B1,7585,TSPO_HUMAN,P30536,706
3,Vitamin B1,13105,CBS_HUMAN,P35520,875
3,Vitamin B1,13097,CASR_HUMAN,P41180,846
3,Vitamin B1,3379,PTGDS_HUMAN,P41222,5730
3,Vitamin B1,15588,ABCG1_HUMAN,P45844,9619
3,Vitamin B1,12111,MAP1B_HUMAN,P46821,4131
3,Vitamin B1,16043,AL1A3_HUMAN,P47895,220
3,Vitamin B1,9630,TTPA_HUMAN,P49638,7274
3,Vitamin B1,4883,SUMO2_HUMAN,P61956,6613
3,Vitamin B1,18959,PP2AB_HUMAN,P62714,5516
3,Vitamin B1,5275,UBC9_HUMAN,P63279,7329
3,Vitamin B1,18821,PP2AA_HUMAN,P67775,5515
3,Vitamin B1,6381,FKB1B_HUMAN,P68106,2281
3,Vitamin B1,18014,GSTO1_HUMAN,P78417,9446
3,Vitamin B1,979,ENPP2_HUMAN,Q13822,5168
3,Vitamin B1,4942,TRI25_HUMAN,Q14258,7706
3,Vitamin B1,11088,RGN_HUMAN,Q15493,9104
3,Vitamin B1,8749,TAF7_HUMAN,Q15545,6879
3,Vitamin B1,13270,BGH3_HUMAN,Q15582,7045
3,Vitamin B1,19993,NCOA1_HUMAN,Q15788,8648
3,Vitamin B1,11192,KYNU_HUMAN,Q16719,8942
3,Vitamin B1,72,CTL4_HUMAN,Q53GD3,80736
3,Vitamin B1,7666,TPC2_HUMAN,Q8NHX9,219931
3,Vitamin B1,4051,SCRB1_HUMAN,Q8WTV0,949
3,Vitamin B1,16945,ARRD3_HUMAN,Q96B67,57561
3,Vitamin B1,8391,S47A1_HUMAN,Q96FL8,55244
3,Vitamin B1,9171,THTPA_HUMAN,Q9BU02,79178
3,Vitamin B1,4596,S19A3_HUMAN,Q9BZV2,80704
3,Vitamin B1,9671,TPK1_HUMAN,Q9H3S4,27010
3,Vitamin B1,17666,GSTO2_HUMAN,Q9H4Y5,119391
3,Vitamin B1,18967,PPCS_HUMAN,Q9HAB8,79717
3,Vitamin B1,7560,TPC_HUMAN,Q9HC21,60386
3,Vitamin B1,2115,CP26B_HUMAN,Q9NR63,56603
3,Vitamin B1,8381,S14L4_HUMAN,Q9UDX3,284904
3,Vitamin B1,19961,NPCL1_HUMAN,Q9UHC9,29881
3,Vitamin B1,12634,MMAC_HUMAN,Q9Y4U1,25974
3,Vitamin B1,10117,RET2_HUMAN,P50120,5948
4,Vitamin B2,15547,ABCD4_HUMAN,O14678,5826
4,Vitamin B2,3060,CP27B_HUMAN,O15528,1594
4,Vitamin B2,4782,SODC_HUMAN,P00441,6647
4,Vitamin B2,1629,FA9_HUMAN,P00740,2158
4,Vitamin B2,3654,PYGL_HUMAN,P06737,5836
4,Vitamin B2,17594,GSTA2_HUMAN,P09210,2939
4,Vitamin B2,5993,GSTP1_HUMAN,P09211,2950
4,Vitamin B2,18838,PPA5_HUMAN,P13686,54
4,Vitamin B2,18865,NQO2_HUMAN,P16083,4835
4,Vitamin B2,8616,UD2B7_HUMAN,P16662,7364
4,Vitamin B2,19373,KAPCA_HUMAN,P17612,5566
4,Vitamin B2,16898,AT2B1_HUMAN,P20020,490
4,Vitamin B2,1386,ENPP1_HUMAN,P22413,5167
4,Vitamin B2,2996,CDK2_HUMAN,P24941,1017
4,Vitamin B2,10464,RABP2_HUMAN,P29373,1382
4,Vitamin B2,19624,MTHR_HUMAN,P42898,4524
4,Vitamin B2,10374,PA216_HUMAN,P53816,11145
4,Vitamin B2,4883,SUMO2_HUMAN,P61956,6613
4,Vitamin B2,18959,PP2AB_HUMAN,P62714,5516
4,Vitamin B2,18821,PP2AA_HUMAN,P67775,5515
4,Vitamin B2,6381,FKB1B_HUMAN,P68106,2281
4,Vitamin B2,19993,NCOA1_HUMAN,Q15788,8648
4,Vitamin B2,6558,FAD1_HUMAN,Q8NFF5,80308
4,Vitamin B2,9962,RIFK_HUMAN,Q969G6,55312
4,Vitamin B2,8196,S52A2_HUMAN,Q9HAB3,79581
4,Vitamin B2,4090,S52A3_HUMAN,Q9NQ40,113278
4,Vitamin B2,4212,S52A1_HUMAN,Q9NWF4,55065
4,Vitamin B2,10117,RET2_HUMAN,P50120,5948
4,Vitamin B2,10144,RET5_HUMAN,P82980,83758
4,Vitamin B2,8196,S52A2_HUMAN,A0A6Q8PHF8,79581
4,Vitamin B2,8196,S52A2_HUMAN,E9PKE4,79581
5,Vitamin B3,5993,GSTP1_HUMAN,P09211,2950
5,Vitamin B3,18865,NQO2_HUMAN,P16083,4835
5,Vitamin B3,2996,CDK2_HUMAN,P24941,1017
5,Vitamin B3,20149,NNMT_HUMAN,P40261,4837
5,Vitamin B3,4883,SUMO2_HUMAN,P61956,6613
5,Vitamin B3,11088,RGN_HUMAN,Q15493,9104
5,Vitamin B3,14169,VKOR1_HUMAN,Q9BQB6,79001
6,Vitamin B5,913,ENPP3_HUMAN,O14638,5169
6,Vitamin B5,3205,DEGS1_HUMAN,O15121,8560
6,Vitamin B5,14446,VNN1_HUMAN,O95497,8876
6,Vitamin B5,14483,VNN2_HUMAN,O95498,8875
6,Vitamin B5,118,CYB5_HUMAN,P00167,1528
6,Vitamin B5,12388,NB5R3_HUMAN,P00387,1727
6,Vitamin B5,17275,ARGI1_HUMAN,P05089,383
6,Vitamin B5,574,CP3A4_HUMAN,P08684,1576
6,Vitamin B5,19130,NQO1_HUMAN,P15559,1728
6,Vitamin B5,1386,ENPP1_HUMAN,P22413,5167
6,Vitamin B5,5908,FAS_HUMAN,P49327,2194
6,Vitamin B5,979,ENPP2_HUMAN,Q13822,5168
6,Vitamin B5,12816,MSMO1_HUMAN,Q15800,6307
6,Vitamin B5,10175,PDZ11_HUMAN,Q5EBL8,51248
6,Vitamin B5,18967,PPCS_HUMAN,Q9HAB8,79717
6,Vitamin B5,15905,ADPPT_HUMAN,Q9NRN7,60496
6,Vitamin B5,8427,SC5A6_HUMAN,Q9Y289,8884
7,Vitamin B6,18907,PPBT_HUMAN,A0A024RAB4,249
7,Vitamin B6,10935,PDXK_HUMAN,O00764,8566
7,Vitamin B6,13590,BCAT2_HUMAN,O15382,587
7,Vitamin B6,18907,PPBT_HUMAN,P05186,249
7,Vitamin B6,13105,CBS_HUMAN,P35520,875
7,Vitamin B6,11192,KYNU_HUMAN,Q16719,8942
7,Vitamin B6,17828,GLRX5_HUMAN,Q86SX6,51218
7,Vitamin B6,10205,PIGO_HUMAN,Q8TEQ8,84720
7,Vitamin B6,9857,PLPP_HUMAN,Q96GD0,57026
7,Vitamin B6,4045,SCLY_HUMAN,Q96I15,51540
7,Vitamin B6,10168,PLPHP_HUMAN,O94903,11212
7,Vitamin B6,9857,PLPP_HUMAN,A0A024R1I3,57026
8,Vitamin B7,8616,UD2B7_HUMAN,P16662,7364
9,Vitamin B12,15547,ABCD4_HUMAN,O14678,5826
9,Vitamin B12,94,CUBN_HUMAN,O60494,8029
9,Vitamin B12,6267,HEM4_HUMAN,P10746,7390
9,Vitamin B12,8784,TCO1_HUMAN,P20061,6947
9,Vitamin B12,8785,TCO2_HUMAN,P20062,6948
9,Vitamin B12,19890,MUTA_HUMAN,P22033,4594
9,Vitamin B12,19684,MRP1_HUMAN,P33527,4363
9,Vitamin B12,8171,S19A1_HUMAN,P41440,6573
9,Vitamin B12,5826,FUT2_HUMAN,Q10981,2524
9,Vitamin B12,13729,AUHM_HUMAN,Q13825,549
9,Vitamin B12,11853,MMAA_HUMAN,Q8IVH4,166785
9,Vitamin B12,13884,CLYBL_HUMAN,Q8N0X4,171425
9,Vitamin B12,11692,MMAB_HUMAN,Q96EY8,326625
9,Vitamin B12,7144,METH_HUMAN,Q99707,4548
9,Vitamin B12,15394,AMNLS_HUMAN,Q9BXJ7,81693
9,Vitamin B12,11849,MMAD_HUMAN,Q9H3L0,27249
9,Vitamin B12,12293,LMBD1_HUMAN,Q9NUN5,55788
9,Vitamin B12,19630,MTRR_HUMAN,Q9UBK8,4552
9,Vitamin B12,12634,MMAC_HUMAN,Q9Y4U1,25974
9,Vitamin B12,19890,MUTA_HUMAN,A0A024RD82,4594
9,Vitamin B12,19890,MUTA_HUMAN,B2R6K1,4594
10,Vitamin C,13649,BECN1_HUMAN,A0A024R1X5,8678
10,Vitamin C,20042,NPT2A_HUMAN,A0A024R7R9,6569
10,Vitamin C,10799,PENK_HUMAN,A0A024R7V4,5179
10,Vitamin C,18907,PPBT_HUMAN,A0A024RAB4,249
10,Vitamin C,16898,AT2B1_HUMAN,A0A024RBC7,490
10,Vitamin C,18845,PPARD_HUMAN,A0A024RCW6,5467
10,Vitamin C,2283,CATA_HUMAN,A0A384P5Q0,847
10,Vitamin C,16733,TGFB1_HUMAN,A0A499FJK2,7040
10,Vitamin C,13543,CP1A1_HUMAN,A0N0X8,1543
10,Vitamin C,11953,LEP_HUMAN,A4D0Y8,3952
10,Vitamin C,13378,BMP7_HUMAN,A8K571,655
10,Vitamin C,19023,PPARG_HUMAN,E9PFV2,5468
10,Vitamin C,985,EPO_HUMAN,G9JKG7,2056
10,Vitamin C,4341,SGK1_HUMAN,O00141,6446
10,Vitamin C,16448,TAF4_HUMAN,O00268,6874
10,Vitamin C,10118,PLOD2_HUMAN,O00469,5352
10,Vitamin C,19662,NR5A2_HUMAN,O00482,2494
10,Vitamin C,2088,CYR61_HUMAN,O00622,3491
10,Vitamin C,10935,PDXK_HUMAN,O00764,8566
10,Vitamin C,913,ENPP3_HUMAN,O14638,5169
10,Vitamin C,15547,ABCD4_HUMAN,O14678,5826
10,Vitamin C,18210,PAHX_HUMAN,O14832,5264
10,Vitamin C,3205,DEGS1_HUMAN,O15121,8560
10,Vitamin C,9019,TIF1A_HUMAN,O15164,8805
10,Vitamin C,4066,S22A2_HUMAN,O15244,6582
10,Vitamin C,4226,S22A1_HUMAN,O15245,6580
10,Vitamin C,13590,BCAT2_HUMAN,O15382,587
10,Vitamin C,18516,P4HA2_HUMAN,O15460,8974
10,Vitamin C,3060,CP27B_HUMAN,O15528,1594
10,Vitamin C,51,CP26A_HUMAN,O43174,1592
10,Vitamin C,7704,SNAI2_HUMAN,O43623,6591
10,Vitamin C,13135,CALU_HUMAN,O43852,813
10,Vitamin C,11572,MED14_HUMAN,O60244,9282
10,Vitamin C,94,CUBN_HUMAN,O60494,8029
10,Vitamin C,9886,PLOD3_HUMAN,O60568,8985
10,Vitamin C,9369,SEP15_HUMAN,O60613,9403
10,Vitamin C,19360,JAK2_HUMAN,O60674,3717
10,Vitamin C,8230,S19A2_HUMAN,O60779,10560
10,Vitamin C,19938,NCOR1_HUMAN,O75376,9611
10,Vitamin C,11579,MED24_HUMAN,O75448,9862
10,Vitamin C,12861,NR1I2_HUMAN,O75469,8856
10,Vitamin C,1262,DHRS3_HUMAN,O75911,9249
10,Vitamin C,3850,PRAF3_HUMAN,O75915,10550
10,Vitamin C,8229,S14L2_HUMAN,O76054,23541
10,Vitamin C,16288,STC2_HUMAN,O76061,8614
10,Vitamin C,15881,AL1A2_HUMAN,O94788,8854
10,Vitamin C,12138,LRAT_HUMAN,O95237,9227
10,Vitamin C,15632,ABCA1_HUMAN,O95477,19
10,Vitamin C,14446,VNN1_HUMAN,O95497,8876
10,Vitamin C,14483,VNN2_HUMAN,O95498,8875
10,Vitamin C,9428,SNAI1_HUMAN,O95863,6615
10,Vitamin C,118,CYB5_HUMAN,P00167,1528
10,Vitamin C,16071,AL1A1_HUMAN,P00352,216
10,Vitamin C,12388,NB5R3_HUMAN,P00387,1727
10,Vitamin C,4782,SODC_HUMAN,P00441,6647
10,Vitamin C,16701,THRB_HUMAN,P00734,2147
10,Vitamin C,1629,FA9_HUMAN,P00740,2158
10,Vitamin C,1457,FA10_HUMAN,P00742,2159
10,Vitamin C,10799,PENK_HUMAN,P01210,5179
10,Vitamin C,9712,TSHB_HUMAN,P01222,7252
10,Vitamin C,3555,PTHY_HUMAN,P01270,5741
10,Vitamin C,7777,TNFA_HUMAN,P01375,7124
10,Vitamin C,5706,IFNG_HUMAN,P01579,3458
10,Vitamin C,985,EPO_HUMAN,P01588,2056
10,Vitamin C,14091,CO1A1_HUMAN,P02452,1277
10,Vitamin C,15433,APOA1_HUMAN,P02647,335
10,Vitamin C,10169,RET4_HUMAN,P02753,5950
10,Vitamin C,15887,ALBU_HUMAN,P02768,213
10,Vitamin C,14493,VTDB_HUMAN,P02774,2638
10,Vitamin C,468,CXL10_HUMAN,P02778,3627
10,Vitamin C,3571,OSTCN_HUMAN,P02818,632
10,Vitamin C,13427,C4BPA_HUMAN,P04003,722
10,Vitamin C,2283,CATA_HUMAN,P04040,847
10,Vitamin C,3720,PROC_HUMAN,P04070,5624
10,Vitamin C,9390,SHBG_HUMAN,P04278,6462
10,Vitamin C,13543,CP1A1_HUMAN,P04798,1543
10,Vitamin C,5444,TYSY_HUMAN,P04818,7298
10,Vitamin C,17275,ARGI1_HUMAN,P05089,383
10,Vitamin C,15518,APOD_HUMAN,P05090,347
10,Vitamin C,393,CP11A_HUMAN,P05108,1583
10,Vitamin C,18907,PPBT_HUMAN,P05186,249
10,Vitamin C,11340,KPCB_HUMAN,P05771,5579
10,Vitamin C,13222,CALB1_HUMAN,P05937,793
10,Vitamin C,9980,PRGR_HUMAN,P06401,5241
10,Vitamin C,3654,PYGL_HUMAN,P06737,5836
10,Vitamin C,760,GPX1_HUMAN,P07203,2876
10,Vitamin C,3908,PROS_HUMAN,P07225,5627
10,Vitamin C,6521,FES_HUMAN,P07332,2242
10,Vitamin C,6956,IGF1R_HUMAN,P08069,3480
10,Vitamin C,11805,MGP_HUMAN,P08493,4256
10,Vitamin C,574,CP3A4_HUMAN,P08684,1576
10,Vitamin C,2087,FA7_HUMAN,P08709,2155
10,Vitamin C,1252,DOPO_HUMAN,P09172,1621
10,Vitamin C,17594,GSTA2_HUMAN,P09210,2939
10,Vitamin C,5993,GSTP1_HUMAN,P09211,2950
10,Vitamin C,10026,RET1_HUMAN,P09455,5947
10,Vitamin C,6069,HMOX1_HUMAN,P09601,3162
10,Vitamin C,11868,LOX5_HUMAN,P09917,240
10,Vitamin C,10723,RARA_HUMAN,P10276,5914
10,Vitamin C,18638,OSTP_HUMAN,P10451,6696
10,Vitamin C,9885,RET3_HUMAN,P10745,5949
10,Vitamin C,6267,HEM4_HUMAN,P10746,7390
10,Vitamin C,17752,GTR1_HUMAN,P11166,6513
10,Vitamin C,5942,GTR3_HUMAN,P11169,6515
10,Vitamin C,9835,PIM1_HUMAN,P11309,5292
10,Vitamin C,5290,VDR_HUMAN,P11473,7421
10,Vitamin C,2811,CP2C9_HUMAN,P11712,1559
10,Vitamin C,1464,FA5_HUMAN,P12259,2153
10,Vitamin C,4518,RLBP1_HUMAN,P12271,6017
10,Vitamin C,18515,P4HA1_HUMAN,P13674,5033
10,Vitamin C,18838,PPA5_HUMAN,P13686,54
10,Vitamin C,6009,HEM2_HUMAN,P13716,210
10,Vitamin C,14636,TYRO_HUMAN,P14679,7299
10,Vitamin C,17695,GLNA_HUMAN,P15104,2752
10,Vitamin C,19130,NQO1_HUMAN,P15559,1728
10,Vitamin C,8889,TFE2_HUMAN,P15923,6929
10,Vitamin C,18865,NQO2_HUMAN,P16083,4835
10,Vitamin C,2304,CBR1_HUMAN,P16152,873
10,Vitamin C,8616,UD2B7_HUMAN,P16662,7364
10,Vitamin C,19440,KPCA_HUMAN,P17252,5578
10,Vitamin C,19373,KAPCA_HUMAN,P17612,5566
10,Vitamin C,722,ERCC2_HUMAN,P18074,2068
10,Vitamin C,13378,BMP7_HUMAN,P18075,655
10,Vitamin C,15960,AMD_HUMAN,P19021,5066
10,Vitamin C,8172,RXRA_HUMAN,P19793,6256
10,Vitamin C,20088,NFKB1_HUMAN,P19838,4790
10,Vitamin C,16898,AT2B1_HUMAN,P20020,490
10,Vitamin C,8784,TCO1_HUMAN,P20061,6947
10,Vitamin C,8785,TCO2_HUMAN,P20062,6948
10,Vitamin C,17969,GSTM3_HUMAN,P21266,2947
10,Vitamin C,19890,MUTA_HUMAN,P22033,4594
10,Vitamin C,8689,UD14_HUMAN,P22310,54657
10,Vitamin C,1386,ENPP1_HUMAN,P22413,5167
10,Vitamin C,6492,FGFR4_HUMAN,P22455,2264
10,Vitamin C,15788,ADRO_HUMAN,P22570,2232
10,Vitamin C,6618,FGFR3_HUMAN,P22607,2261
10,Vitamin C,3955,PROZ_HUMAN,P22891,8858
10,Vitamin C,2693,DGKA_HUMAN,P23743,1606
10,Vitamin C,2540,CCND1_HUMAN,P24385,595
10,Vitamin C,2996,CDK2_HUMAN,P24941,1017
10,Vitamin C,19394,IF_HUMAN,P27352,2694
10,Vitamin C,4571,RXRB_HUMAN,P28702,6257
10,Vitamin C,10464,RABP2_HUMAN,P29373,1382
10,Vitamin C,10517,PDIA3_HUMAN,P30101,2923
10,Vitamin C,16468,UFO_HUMAN,P30530,558
10,Vitamin C,7585,TSPO_HUMAN,P30536,706
10,Vitamin C,8394,S5A2_HUMAN,P31213,6716
10,Vitamin C,19684,MRP1_HUMAN,P33527,4363
10,Vitamin C,17989,GPC1_HUMAN,P35052,2817
10,Vitamin C,10808,PGH2_HUMAN,P35354,5743
10,Vitamin C,16457,UD13_HUMAN,P35503,54659
10,Vitamin C,13105,CBS_HUMAN,P35520,875
10,Vitamin C,9023,TIMP3_HUMAN,P35625,7078
10,Vitamin C,14293,VKGC_HUMAN,P38435,2677
10,Vitamin C,12042,LICH_HUMAN,P38571,3988
10,Vitamin C,20149,NNMT_HUMAN,P40261,4837
10,Vitamin C,5593,IL15_HUMAN,P40933,3600
10,Vitamin C,11953,LEP_HUMAN,P41159,3952
10,Vitamin C,13097,CASR_HUMAN,P41180,846
10,Vitamin C,3379,PTGDS_HUMAN,P41222,5730
10,Vitamin C,8171,S19A1_HUMAN,P41440,6573
10,Vitamin C,19624,MTHR_HUMAN,P42898,4524
10,Vitamin C,15763,AFAM_HUMAN,P43652,173
10,Vitamin C,5501,GATA4_HUMAN,P43694,2626
10,Vitamin C,15588,ABCG1_HUMAN,P45844,9619
10,Vitamin C,12111,MAP1B_HUMAN,P46821,4131
10,Vitamin C,5421,YAP1_HUMAN,P46937,10413
10,Vitamin C,16043,AL1A3_HUMAN,P47895,220
10,Vitamin C,17966,GSH1_HUMAN,P48506,2729
10,Vitamin C,12863,NR2C2_HUMAN,P49116,7182
10,Vitamin C,5908,FAS_HUMAN,P49327,2194
10,Vitamin C,9630,TTPA_HUMAN,P49638,7274
10,Vitamin C,4925,STC1_HUMAN,P52823,6781
10,Vitamin C,18770,PDX1_HUMAN,P52945,3651
10,Vitamin C,10374,PA216_HUMAN,P53816,11145
10,Vitamin C,10146,PLTP_HUMAN,P55058,5360
10,Vitamin C,19857,MTP_HUMAN,P55157,4547
10,Vitamin C,1857,CDN2D_HUMAN,P55273,1032
10,Vitamin C,4883,SUMO2_HUMAN,P61956,6613
10,Vitamin C,18959,PP2AB_HUMAN,P62714,5516
10,Vitamin C,5275,UBC9_HUMAN,P63279,7329
10,Vitamin C,18821,PP2AA_HUMAN,P67775,5515
10,Vitamin C,6381,FKB1B_HUMAN,P68106,2281
10,Vitamin C,403,CP4F2_HUMAN,P78329,8529
10,Vitamin C,17464,IRX5_HUMAN,P78411,10265
10,Vitamin C,17463,IRX4_HUMAN,P78413,50805
10,Vitamin C,18014,GSTO1_HUMAN,P78417,9446
10,Vitamin C,10864,PHEX_HUMAN,P78562,5251
10,Vitamin C,6250,HEPC_HUMAN,P81172,57817
10,Vitamin C,11930,LRP2_HUMAN,P98164,4036
10,Vitamin C,12788,OCRL_HUMAN,Q01968,4952
10,Vitamin C,55,CP27A_HUMAN,Q02318,1593
10,Vitamin C,10092,PLOD1_HUMAN,Q02809,5351
10,Vitamin C,19563,MUC2_HUMAN,Q02817,4583
10,Vitamin C,18845,PPARD_HUMAN,Q03181,5467
10,Vitamin C,20042,NPT2A_HUMAN,Q06495,6569
10,Vitamin C,18844,PPARA_HUMAN,Q07869,5465
10,Vitamin C,231,CP24A_HUMAN,Q07973,1591
10,Vitamin C,19558,MN1_HUMAN,Q10571,4330
10,Vitamin C,5826,FUT2_HUMAN,Q10981,2524
10,Vitamin C,12859,NR1H3_HUMAN,Q13133,10062
10,Vitamin C,2675,DMP1_HUMAN,Q13316,1758
10,Vitamin C,2987,CENPR_HUMAN,Q13352,23421
10,Vitamin C,9280,SNW1_HUMAN,Q13573,22938
10,Vitamin C,979,ENPP2_HUMAN,Q13822,5168
10,Vitamin C,13729,AUHM_HUMAN,Q13825,549
10,Vitamin C,13958,BAAT_HUMAN,Q14032,570
10,Vitamin C,7655,TOB2_HUMAN,Q14106,10766
10,Vitamin C,4942,TRI25_HUMAN,Q14258,7706
10,Vitamin C,6371,GAS6_HUMAN,Q14393,2621
10,Vitamin C,13649,BECN1_HUMAN,Q14457,8678
10,Vitamin C,19937,NCOA6_HUMAN,Q14686,23054
10,Vitamin C,19186,POSTN_HUMAN,Q15063,10631
10,Vitamin C,11088,RGN_HUMAN,Q15493,9104
10,Vitamin C,8576,TAF11_HUMAN,Q15544,6882
10,Vitamin C,8749,TAF7_HUMAN,Q15545,6879
10,Vitamin C,13270,BGH3_HUMAN,Q15582,7045
10,Vitamin C,11575,MED1_HUMAN,Q15648,5469
10,Vitamin C,19993,NCOA1_HUMAN,Q15788,8648
10,Vitamin C,12816,MSMO1_HUMAN,Q15800,6307
10,Vitamin C,5352,UB2V2_HUMAN,Q15819,7336
10,Vitamin C,4447,RPE65_HUMAN,Q16518,6121
10,Vitamin C,11192,KYNU_HUMAN,Q16719,8942
10,Vitamin C,16444,UPP1_HUMAN,Q16831,7378
10,Vitamin C,7574,TRXR1_HUMAN,Q16881,7296
10,Vitamin C,20338,P3H1_HUMAN,Q32P28,64175
10,Vitamin C,13348,C27C1_HUMAN,Q4G0S4,339761
10,Vitamin C,72,CTL4_HUMAN,Q53GD3,80736
10,Vitamin C,10175,PDZ11_HUMAN,Q5EBL8,51248
10,Vitamin C,13802,ARH_HUMAN,Q5SW96,26119
10,Vitamin C,19282,KANK2_HUMAN,Q63ZY3,25959
10,Vitamin C,2540,CCND1_HUMAN,Q6FI00,595
10,Vitamin C,10723,RARA_HUMAN,Q6I9R7,5914
10,Vitamin C,2958,CCD62_HUMAN,Q6P9F0,84660
10,Vitamin C,2870,CP26C_HUMAN,Q6V0L0,340665
10,Vitamin C,3028,CP2R1_HUMAN,Q6VVX0,120227
10,Vitamin C,760,GPX1_HUMAN,Q7L4Q3,2876
10,Vitamin C,18317,P4HA3_HUMAN,Q7Z4N8,283208
10,Vitamin C,17828,GLRX5_HUMAN,Q86SX6,51218
10,Vitamin C,18287,OSTB_HUMAN,Q86UW2,123264
10,Vitamin C,11853,MMAA_HUMAN,Q8IVH4,166785
10,Vitamin C,20293,P3H2_HUMAN,Q8IVL5,55214
10,Vitamin C,20412,P3H3_HUMAN,Q8IVL6,10536
10,Vitamin C,14540,VKORL_HUMAN,Q8N0U8,154807
10,Vitamin C,13884,CLYBL_HUMAN,Q8N0X4,171425
10,Vitamin C,10006,PIAS4_HUMAN,Q8N2W9,51588
10,Vitamin C,9549,SFRP1_HUMAN,Q8N474,6422
10,Vitamin C,12701,OGFD1_HUMAN,Q8N543,55239
10,Vitamin C,10318,RDH13_HUMAN,Q8NBN7,112724
10,Vitamin C,6558,FAD1_HUMAN,Q8NFF5,80308
10,Vitamin C,7666,TPC2_HUMAN,Q8NHX9,219931
10,Vitamin C,17486,GDAP1_HUMAN,Q8TB36,54332
10,Vitamin C,3499,RDH11_HUMAN,Q8TC12,51109
10,Vitamin C,10205,PIGO_HUMAN,Q8TEQ8,84720
10,Vitamin C,17937,IPO4_HUMAN,Q8TEX9,79711
10,Vitamin C,4051,SCRB1_HUMAN,Q8WTV0,949
10,Vitamin C,16874,AQP3_HUMAN,Q92482,360
10,Vitamin C,10469,RDH1_HUMAN,Q92781,5959
10,Vitamin C,11574,MED12_HUMAN,Q93074,9968
10,Vitamin C,5966,HMR1_HUMAN,Q95460,3140
10,Vitamin C,9962,RIFK_HUMAN,Q969G6,55312
10,Vitamin C,16945,ARRD3_HUMAN,Q96B67,57561
10,Vitamin C,11692,MMAB_HUMAN,Q96EY8,326625
10,Vitamin C,8391,S47A1_HUMAN,Q96FL8,55244
10,Vitamin C,9857,PLPP_HUMAN,Q96GD0,57026
10,Vitamin C,9545,SMRD1_HUMAN,Q96GM5,6602
10,Vitamin C,5602,MED30_HUMAN,Q96HR3,90390
10,Vitamin C,4045,SCLY_HUMAN,Q96I15,51540
10,Vitamin C,1472,EGLN2_HUMAN,Q96KS0,112398
10,Vitamin C,11097,RDH12_HUMAN,Q96NR8,145226
10,Vitamin C,15926,ALKB3_HUMAN,Q96Q83,221120
10,Vitamin C,12860,NR1H4_HUMAN,Q96RI1,9971
10,Vitamin C,15792,ACOX2_HUMAN,Q99424,8309
10,Vitamin C,12130,LGMN_HUMAN,Q99538,5641
10,Vitamin C,2276,CDX2_HUMAN,Q99626,1045
10,Vitamin C,859,GFI1_HUMAN,Q99684,2672
10,Vitamin C,7144,METH_HUMAN,Q99707,4548
10,Vitamin C,14169,VKOR1_HUMAN,Q9BQB6,79001
10,Vitamin C,1923,CSTN3_HUMAN,Q9BQT9,9746
10,Vitamin C,15835,AIFM2_HUMAN,Q9BRQ8,84883
10,Vitamin C,2601,DHRS4_HUMAN,Q9BTZ2,10901
10,Vitamin C,9171,THTPA_HUMAN,Q9BU02,79178
10,Vitamin C,6634,FANCJ_HUMAN,Q9BX63,83990
10,Vitamin C,16560,STRA6_HUMAN,Q9BX79,64220
10,Vitamin C,15394,AMNLS_HUMAN,Q9BXJ7,81693
10,Vitamin C,8044,TMG4_HUMAN,Q9BZD6,79056
10,Vitamin C,4596,S19A3_HUMAN,Q9BZV2,80704
10,Vitamin C,784,EGLN1_HUMAN,Q9GZT9,54583
10,Vitamin C,5778,FGF23_HUMAN,Q9GZV9,8074
10,Vitamin C,11849,MMAD_HUMAN,Q9H3L0,27249
10,Vitamin C,15187,TXNIP_HUMAN,Q9H3M7,10628
10,Vitamin C,9671,TPK1_HUMAN,Q9H3S4,27010
10,Vitamin C,17666,GSTO2_HUMAN,Q9H4Y5,119391
10,Vitamin C,1383,EGLN3_HUMAN,Q9H6Z9,112399
10,Vitamin C,18222,PANK3_HUMAN,Q9H999,79646
10,Vitamin C,8196,S52A2_HUMAN,Q9HAB3,79581
10,Vitamin C,18967,PPCS_HUMAN,Q9HAB8,79717
10,Vitamin C,13622,BCDO1_HUMAN,Q9HAY6,53630
10,Vitamin C,11098,RDH14_HUMAN,Q9HBH5,57665
10,Vitamin C,396,CP4FB_HUMAN,Q9HBI6,57834
10,Vitamin C,7560,TPC_HUMAN,Q9HC21,60386
10,Vitamin C,398,CP4FC_HUMAN,Q9HCS2,66002
10,Vitamin C,2431,CD320_HUMAN,Q9NPF0,51293
10,Vitamin C,5604,MED4_HUMAN,Q9NPJ6,29079
10,Vitamin C,4090,S52A3_HUMAN,Q9NQ40,113278
10,Vitamin C,2115,CP26B_HUMAN,Q9NR63,56603
10,Vitamin C,18766,MXRA5_HUMAN,Q9NR99,25878
10,Vitamin C,13644,BAZ1A_HUMAN,Q9NRL2,11177
10,Vitamin C,15905,ADPPT_HUMAN,Q9NRN7,60496
10,Vitamin C,12293,LMBD1_HUMAN,Q9NUN5,55788
10,Vitamin C,19648,MED17_HUMAN,Q9NVC6,9440
10,Vitamin C,4212,S52A1_HUMAN,Q9NWF4,55065
10,Vitamin C,18517,P4HTM_HUMAN,Q9NXG6,54681
10,Vitamin C,573,CP39A_HUMAN,Q9NYL5,51302
10,Vitamin C,10199,RDH8_HUMAN,Q9NYR8,50700
10,Vitamin C,19630,MTRR_HUMAN,Q9UBK8,4552
10,Vitamin C,8381,S14L4_HUMAN,Q9UDX3,284904
10,Vitamin C,19436,KLOT_HUMAN,Q9UEF7,9365
10,Vitamin C,4582,S23A2_HUMAN,Q9UGH3,9962
10,Vitamin C,19961,NPCL1_HUMAN,Q9UHC9,29881
10,Vitamin C,4581,S23A1_HUMAN,Q9UHI7,9963
10,Vitamin C,12849,MED13_HUMAN,Q9UHV7,9969
10,Vitamin C,19649,MED23_HUMAN,Q9ULK4,9439
10,Vitamin C,8427,SC5A6_HUMAN,Q9Y289,8884
10,Vitamin C,13710,COG6_HUMAN,Q9Y2V7,57511
10,Vitamin C,5064,TR150_HUMAN,Q9Y2W1,9967
10,Vitamin C,11669,MED16_HUMAN,Q9Y2X0,10025
10,Vitamin C,12634,MMAC_HUMAN,Q9Y4U1,25974
10,Vitamin C,5276,UBIA1_HUMAN,Q9Y5Z9,29914
10,Vitamin C,491,DNM3A_HUMAN,Q9Y6K1,1788
10,Vitamin C,19995,NCOA3_HUMAN,Q9Y6Q9,8202
10,Vitamin C,5290,VDR_HUMAN,F1D8P8,7421
10,Vitamin C,8043,TMG1_HUMAN,O14668,5638
10,Vitamin C,10168,PLPHP_HUMAN,O94903,11212
10,Vitamin C,8441,S100G_HUMAN,P29377,795
10,Vitamin C,10117,RET2_HUMAN,P50120,5948
10,Vitamin C,10144,RET5_HUMAN,P82980,83758
10,Vitamin C,6884,ISX_HUMAN,Q2M1V0,91464
10,Vitamin C,5444,TYSY_HUMAN,Q53Y97,7298
10,Vitamin C,19747,OGFD2_HUMAN,Q6N063,79676
10,Vitamin C,11021,RETST_HUMAN,Q6NUM9,54884
10,Vitamin C,19748,OGFD3_HUMAN,Q6PK18,79701
10,Vitamin C,14126,DR9C7_HUMAN,Q8NEX9,121214
10,Vitamin C,16515,TMG3_HUMAN,Q9BZD7,79057
10,Vitamin C,11805,MGP_HUMAN,A0A024RAX0,4256
10,Vitamin C,10026,RET1_HUMAN,A0A0A0MQT0,5947
10,Vitamin C,14169,VKOR1_HUMAN,A0A0S2Z6I4,79001
10,Vitamin C,15960,AMD_HUMAN,A0A804HIQ0,5066
10,Vitamin C,14636,TYRO_HUMAN,L8B082,7299
10,Vitamin C,12962,CB083_HUMAN,Q53S99,
10,Vitamin C,16288,STC2_HUMAN,Q6FHC9,8614
10,Vitamin C,4170,S23A3_HUMAN,Q6PIS1,151295
10,Vitamin C,11930,LRP2_HUMAN,Q7Z5C0,4036
10,Vitamin C,10170,RET7_HUMAN,Q96R05,116362
10,Vitamin C,4062,S14L3_HUMAN,Q9UDX4,266629
10,Vitamin C,9857,PLPP_HUMAN,A0A024R1I3,57026
10,Vitamin C,19890,MUTA_HUMAN,A0A024RD82,4594
10,Vitamin C,19186,POSTN_HUMAN,A0A024RDS2,10631
10,Vitamin C,15788,ADRO_HUMAN,A0A0A0MSZ4,2232
10,Vitamin C,15788,ADRO_HUMAN,A0A0C4DFN8,2232
10,Vitamin C,19961,NPCL1_HUMAN,A0A0C4DFX6,29881
10,Vitamin C,15788,ADRO_HUMAN,A0A0C4DGN7,2232
10,Vitamin C,3908,PROS_HUMAN,A0A0S2Z4K3,5627
10,Vitamin C,3908,PROS_HUMAN,A0A0S2Z4L3,5627
10,Vitamin C,14169,VKOR1_HUMAN,A0A0S2Z5X7,79001
10,Vitamin C,4582,S23A2_HUMAN,A0A140VK48,9962
10,Vitamin C,8196,S52A2_HUMAN,A0A6Q8PHF8,79581
10,Vitamin C,19890,MUTA_HUMAN,B2R6K1,4594
10,Vitamin C,12860,NR1H4_HUMAN,B6ZGS9,9971
10,Vitamin C,8196,S52A2_HUMAN,E9PKE4,79581
10,Vitamin C,10169,RET4_HUMAN,Q5VY30,5950
10,Vitamin C,8230,S19A2_HUMAN,A0A024R8Y5,10560
10,Vitamin C,14293,VKGC_HUMAN,A0A8I5QJA4,2677
10,Vitamin C,3720,PROC_HUMAN,B4DPC8,5624
10,Vitamin C,4170,S23A3_HUMAN,B7Z508,151295
11,Vitamin D,13649,BECN1_HUMAN,A0A024R1X5,8678
11,Vitamin D,20042,NPT2A_HUMAN,A0A024R7R9,6569
11,Vitamin D,10799,PENK_HUMAN,A0A024R7V4,5179
11,Vitamin D,18907,PPBT_HUMAN,A0A024RAB4,249
11,Vitamin D,16898,AT2B1_HUMAN,A0A024RBC7,490
11,Vitamin D,18845,PPARD_HUMAN,A0A024RCW6,5467
11,Vitamin D,6009,HEM2_HUMAN,A0A140VJL9,210
11,Vitamin D,16733,TGFB1_HUMAN,A0A499FJK2,7040
11,Vitamin D,13543,CP1A1_HUMAN,A0N0X8,1543
11,Vitamin D,11953,LEP_HUMAN,A4D0Y8,3952
11,Vitamin D,13378,BMP7_HUMAN,A8K571,655
11,Vitamin D,19023,PPARG_HUMAN,E9PFV2,5468
11,Vitamin D,985,EPO_HUMAN,G9JKG7,2056
11,Vitamin D,4341,SGK1_HUMAN,O00141,6446
11,Vitamin D,16448,TAF4_HUMAN,O00268,6874
11,Vitamin D,10118,PLOD2_HUMAN,O00469,5352
11,Vitamin D,19662,NR5A2_HUMAN,O00482,2494
11,Vitamin D,2088,CYR61_HUMAN,O00622,3491
11,Vitamin D,10935,PDXK_HUMAN,O00764,8566
11,Vitamin D,913,ENPP3_HUMAN,O14638,5169
11,Vitamin D,16514,TMG2_HUMAN,O14669,5639
11,Vitamin D,15547,ABCD4_HUMAN,O14678,5826
11,Vitamin D,18210,PAHX_HUMAN,O14832,5264
11,Vitamin D,3205,DEGS1_HUMAN,O15121,8560
11,Vitamin D,9019,TIF1A_HUMAN,O15164,8805
11,Vitamin D,4066,S22A2_HUMAN,O15244,6582
11,Vitamin D,4226,S22A1_HUMAN,O15245,6580
11,Vitamin D,13590,BCAT2_HUMAN,O15382,587
11,Vitamin D,18516,P4HA2_HUMAN,O15460,8974
11,Vitamin D,3060,CP27B_HUMAN,O15528,1594
11,Vitamin D,51,CP26A_HUMAN,O43174,1592
11,Vitamin D,7704,SNAI2_HUMAN,O43623,6591
11,Vitamin D,13135,CALU_HUMAN,O43852,813
11,Vitamin D,11572,MED14_HUMAN,O60244,9282
11,Vitamin D,94,CUBN_HUMAN,O60494,8029
11,Vitamin D,9886,PLOD3_HUMAN,O60568,8985
11,Vitamin D,9369,SEP15_HUMAN,O60613,9403
11,Vitamin D,19360,JAK2_HUMAN,O60674,3717
11,Vitamin D,8230,S19A2_HUMAN,O60779,10560
11,Vitamin D,19938,NCOR1_HUMAN,O75376,9611
11,Vitamin D,11579,MED24_HUMAN,O75448,9862
11,Vitamin D,12861,NR1I2_HUMAN,O75469,8856
11,Vitamin D,1262,DHRS3_HUMAN,O75911,9249
11,Vitamin D,3850,PRAF3_HUMAN,O75915,10550
11,Vitamin D,8229,S14L2_HUMAN,O76054,23541
11,Vitamin D,16288,STC2_HUMAN,O76061,8614
11,Vitamin D,15881,AL1A2_HUMAN,O94788,8854
11,Vitamin D,12138,LRAT_HUMAN,O95237,9227
11,Vitamin D,15632,ABCA1_HUMAN,O95477,19
11,Vitamin D,14446,VNN1_HUMAN,O95497,8876
11,Vitamin D,14483,VNN2_HUMAN,O95498,8875
11,Vitamin D,9428,SNAI1_HUMAN,O95863,6615
11,Vitamin D,118,CYB5_HUMAN,P00167,1528
11,Vitamin D,16071,AL1A1_HUMAN,P00352,216
11,Vitamin D,12388,NB5R3_HUMAN,P00387,1727
11,Vitamin D,4782,SODC_HUMAN,P00441,6647
11,Vitamin D,16701,THRB_HUMAN,P00734,2147
11,Vitamin D,1629,FA9_HUMAN,P00740,2158
11,Vitamin D,1457,FA10_HUMAN,P00742,2159
11,Vitamin D,10799,PENK_HUMAN,P01210,5179
11,Vitamin D,9712,TSHB_HUMAN,P01222,7252
11,Vitamin D,3555,PTHY_HUMAN,P01270,5741
11,Vitamin D,7777,TNFA_HUMAN,P01375,7124
11,Vitamin D,5706,IFNG_HUMAN,P01579,3458
11,Vitamin D,985,EPO_HUMAN,P01588,2056
11,Vitamin D,14091,CO1A1_HUMAN,P02452,1277
11,Vitamin D,15433,APOA1_HUMAN,P02647,335
11,Vitamin D,10169,RET4_HUMAN,P02753,5950
11,Vitamin D,15887,ALBU_HUMAN,P02768,213
11,Vitamin D,14493,VTDB_HUMAN,P02774,2638
11,Vitamin D,468,CXL10_HUMAN,P02778,3627
11,Vitamin D,3571,OSTCN_HUMAN,P02818,632
11,Vitamin D,13427,C4BPA_HUMAN,P04003,722
11,Vitamin D,2283,CATA_HUMAN,P04040,847
11,Vitamin D,3720,PROC_HUMAN,P04070,5624
11,Vitamin D,9390,SHBG_HUMAN,P04278,6462
11,Vitamin D,13543,CP1A1_HUMAN,P04798,1543
11,Vitamin D,5444,TYSY_HUMAN,P04818,7298
11,Vitamin D,17275,ARGI1_HUMAN,P05089,383
11,Vitamin D,15518,APOD_HUMAN,P05090,347
11,Vitamin D,393,CP11A_HUMAN,P05108,1583
11,Vitamin D,18907,PPBT_HUMAN,P05186,249
11,Vitamin D,11340,KPCB_HUMAN,P05771,5579
11,Vitamin D,13222,CALB1_HUMAN,P05937,793
11,Vitamin D,9980,PRGR_HUMAN,P06401,5241
11,Vitamin D,3654,PYGL_HUMAN,P06737,5836
11,Vitamin D,760,GPX1_HUMAN,P07203,2876
11,Vitamin D,3908,PROS_HUMAN,P07225,5627
11,Vitamin D,6521,FES_HUMAN,P07332,2242
11,Vitamin D,6956,IGF1R_HUMAN,P08069,3480
11,Vitamin D,11805,MGP_HUMAN,P08493,4256
11,Vitamin D,574,CP3A4_HUMAN,P08684,1576
11,Vitamin D,2087,FA7_HUMAN,P08709,2155
11,Vitamin D,1252,DOPO_HUMAN,P09172,1621
11,Vitamin D,17594,GSTA2_HUMAN,P09210,2939
11,Vitamin D,5993,GSTP1_HUMAN,P09211,2950
11,Vitamin D,10026,RET1_HUMAN,P09455,5947
11,Vitamin D,6069,HMOX1_HUMAN,P09601,3162
11,Vitamin D,11868,LOX5_HUMAN,P09917,240
11,Vitamin D,10723,RARA_HUMAN,P10276,5914
11,Vitamin D,18638,OSTP_HUMAN,P10451,6696
11,Vitamin D,9885,RET3_HUMAN,P10745,5949
11,Vitamin D,6267,HEM4_HUMAN,P10746,7390
11,Vitamin D,17752,GTR1_HUMAN,P11166,6513
11,Vitamin D,5942,GTR3_HUMAN,P11169,6515
11,Vitamin D,9835,PIM1_HUMAN,P11309,5292
11,Vitamin D,5290,VDR_HUMAN,P11473,7421
11,Vitamin D,2811,CP2C9_HUMAN,P11712,1559
11,Vitamin D,1464,FA5_HUMAN,P12259,2153
11,Vitamin D,4518,RLBP1_HUMAN,P12271,6017
11,Vitamin D,18515,P4HA1_HUMAN,P13674,5033
11,Vitamin D,18838,PPA5_HUMAN,P13686,54
11,Vitamin D,6009,HEM2_HUMAN,P13716,210
11,Vitamin D,14636,TYRO_HUMAN,P14679,7299
11,Vitamin D,17695,GLNA_HUMAN,P15104,2752
11,Vitamin D,19130,NQO1_HUMAN,P15559,1728
11,Vitamin D,8889,TFE2_HUMAN,P15923,6929
11,Vitamin D,18865,NQO2_HUMAN,P16083,4835
11,Vitamin D,2304,CBR1_HUMAN,P16152,873
11,Vitamin D,8616,UD2B7_HUMAN,P16662,7364
11,Vitamin D,19440,KPCA_HUMAN,P17252,5578
11,Vitamin D,19373,KAPCA_HUMAN,P17612,5566
11,Vitamin D,722,ERCC2_HUMAN,P18074,2068
11,Vitamin D,13378,BMP7_HUMAN,P18075,655
11,Vitamin D,15960,AMD_HUMAN,P19021,5066
11,Vitamin D,8172,RXRA_HUMAN,P19793,6256
11,Vitamin D,20088,NFKB1_HUMAN,P19838,4790
11,Vitamin D,16898,AT2B1_HUMAN,P20020,490
11,Vitamin D,8784,TCO1_HUMAN,P20061,6947
11,Vitamin D,8785,TCO2_HUMAN,P20062,6948
11,Vitamin D,17969,GSTM3_HUMAN,P21266,2947
11,Vitamin D,19890,MUTA_HUMAN,P22033,4594
11,Vitamin D,8689,UD14_HUMAN,P22310,54657
11,Vitamin D,1386,ENPP1_HUMAN,P22413,5167
11,Vitamin D,6492,FGFR4_HUMAN,P22455,2264
11,Vitamin D,15788,ADRO_HUMAN,P22570,2232
11,Vitamin D,6618,FGFR3_HUMAN,P22607,2261
11,Vitamin D,3955,PROZ_HUMAN,P22891,8858
11,Vitamin D,2693,DGKA_HUMAN,P23743,1606
11,Vitamin D,2540,CCND1_HUMAN,P24385,595
11,Vitamin D,2996,CDK2_HUMAN,P24941,1017
11,Vitamin D,19394,IF_HUMAN,P27352,2694
11,Vitamin D,4571,RXRB_HUMAN,P28702,6257
11,Vitamin D,10464,RABP2_HUMAN,P29373,1382
11,Vitamin D,10517,PDIA3_HUMAN,P30101,2923
11,Vitamin D,16468,UFO_HUMAN,P30530,558
11,Vitamin D,7585,TSPO_HUMAN,P30536,706
11,Vitamin D,8394,S5A2_HUMAN,P31213,6716
11,Vitamin D,19684,MRP1_HUMAN,P33527,4363
11,Vitamin D,17989,GPC1_HUMAN,P35052,2817
11,Vitamin D,10808,PGH2_HUMAN,P35354,5743
11,Vitamin D,16457,UD13_HUMAN,P35503,54659
11,Vitamin D,13105,CBS_HUMAN,P35520,875
11,Vitamin D,9023,TIMP3_HUMAN,P35625,7078
11,Vitamin D,14293,VKGC_HUMAN,P38435,2677
11,Vitamin D,12042,LICH_HUMAN,P38571,3988
11,Vitamin D,20149,NNMT_HUMAN,P40261,4837
11,Vitamin D,5593,IL15_HUMAN,P40933,3600
11,Vitamin D,11953,LEP_HUMAN,P41159,3952
11,Vitamin D,13097,CASR_HUMAN,P41180,846
11,Vitamin D,3379,PTGDS_HUMAN,P41222,5730
11,Vitamin D,8171,S19A1_HUMAN,P41440,6573
11,Vitamin D,19624,MTHR_HUMAN,P42898,4524
11,Vitamin D,15763,AFAM_HUMAN,P43652,173
11,Vitamin D,5501,GATA4_HUMAN,P43694,2626
11,Vitamin D,15588,ABCG1_HUMAN,P45844,9619
11,Vitamin D,12111,MAP1B_HUMAN,P46821,4131
11,Vitamin D,5421,YAP1_HUMAN,P46937,10413
11,Vitamin D,16043,AL1A3_HUMAN,P47895,220
11,Vitamin D,17966,GSH1_HUMAN,P48506,2729
11,Vitamin D,12863,NR2C2_HUMAN,P49116,7182
11,Vitamin D,5908,FAS_HUMAN,P49327,2194
11,Vitamin D,9630,TTPA_HUMAN,P49638,7274
11,Vitamin D,4925,STC1_HUMAN,P52823,6781
11,Vitamin D,18770,PDX1_HUMAN,P52945,3651
11,Vitamin D,10374,PA216_HUMAN,P53816,11145
11,Vitamin D,10146,PLTP_HUMAN,P55058,5360
11,Vitamin D,19857,MTP_HUMAN,P55157,4547
11,Vitamin D,1857,CDN2D_HUMAN,P55273,1032
11,Vitamin D,4883,SUMO2_HUMAN,P61956,6613
11,Vitamin D,18959,PP2AB_HUMAN,P62714,5516
11,Vitamin D,5275,UBC9_HUMAN,P63279,7329
11,Vitamin D,18821,PP2AA_HUMAN,P67775,5515
11,Vitamin D,6381,FKB1B_HUMAN,P68106,2281
11,Vitamin D,403,CP4F2_HUMAN,P78329,8529
11,Vitamin D,17464,IRX5_HUMAN,P78411,10265
11,Vitamin D,17463,IRX4_HUMAN,P78413,50805
11,Vitamin D,18014,GSTO1_HUMAN,P78417,9446
11,Vitamin D,10864,PHEX_HUMAN,P78562,5251
11,Vitamin D,6250,HEPC_HUMAN,P81172,57817
11,Vitamin D,11930,LRP2_HUMAN,P98164,4036
11,Vitamin D,12788,OCRL_HUMAN,Q01968,4952
11,Vitamin D,55,CP27A_HUMAN,Q02318,1593
11,Vitamin D,10092,PLOD1_HUMAN,Q02809,5351
11,Vitamin D,19563,MUC2_HUMAN,Q02817,4583
11,Vitamin D,18845,PPARD_HUMAN,Q03181,5467
11,Vitamin D,20042,NPT2A_HUMAN,Q06495,6569
11,Vitamin D,18844,PPARA_HUMAN,Q07869,5465
11,Vitamin D,231,CP24A_HUMAN,Q07973,1591
11,Vitamin D,19558,MN1_HUMAN,Q10571,4330
11,Vitamin D,5826,FUT2_HUMAN,Q10981,2524
11,Vitamin D,12859,NR1H3_HUMAN,Q13133,10062
11,Vitamin D,2675,DMP1_HUMAN,Q13316,1758
11,Vitamin D,2987,CENPR_HUMAN,Q13352,23421
11,Vitamin D,9280,SNW1_HUMAN,Q13573,22938
11,Vitamin D,979,ENPP2_HUMAN,Q13822,5168
11,Vitamin D,13729,AUHM_HUMAN,Q13825,549
11,Vitamin D,13958,BAAT_HUMAN,Q14032,570
11,Vitamin D,7655,TOB2_HUMAN,Q14106,10766
11,Vitamin D,4942,TRI25_HUMAN,Q14258,7706
11,Vitamin D,6371,GAS6_HUMAN,Q14393,2621
11,Vitamin D,13649,BECN1_HUMAN,Q14457,8678
11,Vitamin D,19937,NCOA6_HUMAN,Q14686,23054
11,Vitamin D,19186,POSTN_HUMAN,Q15063,10631
11,Vitamin D,11088,RGN_HUMAN,Q15493,9104
11,Vitamin D,8576,TAF11_HUMAN,Q15544,6882
11,Vitamin D,8749,TAF7_HUMAN,Q15545,6879
11,Vitamin D,13270,BGH3_HUMAN,Q15582,7045
11,Vitamin D,11575,MED1_HUMAN,Q15648,5469
11,Vitamin D,19993,NCOA1_HUMAN,Q15788,8648
11,Vitamin D,12816,MSMO1_HUMAN,Q15800,6307
11,Vitamin D,5352,UB2V2_HUMAN,Q15819,7336
11,Vitamin D,4447,RPE65_HUMAN,Q16518,6121
11,Vitamin D,11192,KYNU_HUMAN,Q16719,8942
11,Vitamin D,16444,UPP1_HUMAN,Q16831,7378
11,Vitamin D,7574,TRXR1_HUMAN,Q16881,7296
11,Vitamin D,20338,P3H1_HUMAN,Q32P28,64175
11,Vitamin D,13348,C27C1_HUMAN,Q4G0S4,339761
11,Vitamin D,72,CTL4_HUMAN,Q53GD3,80736
11,Vitamin D,10175,PDZ11_HUMAN,Q5EBL8,51248
11,Vitamin D,13802,ARH_HUMAN,Q5SW96,26119
11,Vitamin D,19282,KANK2_HUMAN,Q63ZY3,25959
11,Vitamin D,2540,CCND1_HUMAN,Q6FI00,595
11,Vitamin D,10723,RARA_HUMAN,Q6I9R7,5914
11,Vitamin D,2958,CCD62_HUMAN,Q6P9F0,84660
11,Vitamin D,2870,CP26C_HUMAN,Q6V0L0,340665
11,Vitamin D,3028,CP2R1_HUMAN,Q6VVX0,120227
11,Vitamin D,760,GPX1_HUMAN,Q7L4Q3,2876
11,Vitamin D,18317,P4HA3_HUMAN,Q7Z4N8,283208
11,Vitamin D,17828,GLRX5_HUMAN,Q86SX6,51218
11,Vitamin D,18287,OSTB_HUMAN,Q86UW2,123264
11,Vitamin D,11853,MMAA_HUMAN,Q8IVH4,166785
11,Vitamin D,20293,P3H2_HUMAN,Q8IVL5,55214
11,Vitamin D,20412,P3H3_HUMAN,Q8IVL6,10536
11,Vitamin D,14540,VKORL_HUMAN,Q8N0U8,154807
11,Vitamin D,13884,CLYBL_HUMAN,Q8N0X4,171425
11,Vitamin D,10006,PIAS4_HUMAN,Q8N2W9,51588
11,Vitamin D,9549,SFRP1_HUMAN,Q8N474,6422
11,Vitamin D,12701,OGFD1_HUMAN,Q8N543,55239
11,Vitamin D,10318,RDH13_HUMAN,Q8NBN7,112724
11,Vitamin D,6558,FAD1_HUMAN,Q8NFF5,80308
11,Vitamin D,7666,TPC2_HUMAN,Q8NHX9,219931
11,Vitamin D,17486,GDAP1_HUMAN,Q8TB36,54332
11,Vitamin D,3499,RDH11_HUMAN,Q8TC12,51109
11,Vitamin D,10205,PIGO_HUMAN,Q8TEQ8,84720
11,Vitamin D,17937,IPO4_HUMAN,Q8TEX9,79711
11,Vitamin D,4051,SCRB1_HUMAN,Q8WTV0,949
11,Vitamin D,16874,AQP3_HUMAN,Q92482,360
11,Vitamin D,10469,RDH1_HUMAN,Q92781,5959
11,Vitamin D,11574,MED12_HUMAN,Q93074,9968
11,Vitamin D,5966,HMR1_HUMAN,Q95460,3140
11,Vitamin D,9962,RIFK_HUMAN,Q969G6,55312
11,Vitamin D,16945,ARRD3_HUMAN,Q96B67,57561
11,Vitamin D,11692,MMAB_HUMAN,Q96EY8,326625
11,Vitamin D,8391,S47A1_HUMAN,Q96FL8,55244
11,Vitamin D,9857,PLPP_HUMAN,Q96GD0,57026
11,Vitamin D,9545,SMRD1_HUMAN,Q96GM5,6602
11,Vitamin D,5602,MED30_HUMAN,Q96HR3,90390
11,Vitamin D,4045,SCLY_HUMAN,Q96I15,51540
11,Vitamin D,1472,EGLN2_HUMAN,Q96KS0,112398
11,Vitamin D,11097,RDH12_HUMAN,Q96NR8,145226
11,Vitamin D,15926,ALKB3_HUMAN,Q96Q83,221120
11,Vitamin D,12860,NR1H4_HUMAN,Q96RI1,9971
11,Vitamin D,15792,ACOX2_HUMAN,Q99424,8309
11,Vitamin D,12130,LGMN_HUMAN,Q99538,5641
11,Vitamin D,2276,CDX2_HUMAN,Q99626,1045
11,Vitamin D,859,GFI1_HUMAN,Q99684,2672
11,Vitamin D,7144,METH_HUMAN,Q99707,4548
11,Vitamin D,14169,VKOR1_HUMAN,Q9BQB6,79001
11,Vitamin D,1923,CSTN3_HUMAN,Q9BQT9,9746
11,Vitamin D,15835,AIFM2_HUMAN,Q9BRQ8,84883
11,Vitamin D,2601,DHRS4_HUMAN,Q9BTZ2,10901
11,Vitamin D,9171,THTPA_HUMAN,Q9BU02,79178
11,Vitamin D,6634,FANCJ_HUMAN,Q9BX63,83990
11,Vitamin D,16560,STRA6_HUMAN,Q9BX79,64220
11,Vitamin D,15394,AMNLS_HUMAN,Q9BXJ7,81693
11,Vitamin D,8044,TMG4_HUMAN,Q9BZD6,79056
11,Vitamin D,4596,S19A3_HUMAN,Q9BZV2,80704
11,Vitamin D,784,EGLN1_HUMAN,Q9GZT9,54583
11,Vitamin D,5778,FGF23_HUMAN,Q9GZV9,8074
11,Vitamin D,11849,MMAD_HUMAN,Q9H3L0,27249
11,Vitamin D,15187,TXNIP_HUMAN,Q9H3M7,10628
11,Vitamin D,9671,TPK1_HUMAN,Q9H3S4,27010
11,Vitamin D,17666,GSTO2_HUMAN,Q9H4Y5,119391
11,Vitamin D,1383,EGLN3_HUMAN,Q9H6Z9,112399
11,Vitamin D,18222,PANK3_HUMAN,Q9H999,79646
11,Vitamin D,8196,S52A2_HUMAN,Q9HAB3,79581
11,Vitamin D,18967,PPCS_HUMAN,Q9HAB8,79717
11,Vitamin D,13622,BCDO1_HUMAN,Q9HAY6,53630
11,Vitamin D,11098,RDH14_HUMAN,Q9HBH5,57665
11,Vitamin D,396,CP4FB_HUMAN,Q9HBI6,57834
11,Vitamin D,7560,TPC_HUMAN,Q9HC21,60386
11,Vitamin D,398,CP4FC_HUMAN,Q9HCS2,66002
11,Vitamin D,2431,CD320_HUMAN,Q9NPF0,51293
11,Vitamin D,5604,MED4_HUMAN,Q9NPJ6,29079
11,Vitamin D,4090,S52A3_HUMAN,Q9NQ40,113278
11,Vitamin D,2115,CP26B_HUMAN,Q9NR63,56603
11,Vitamin D,18766,MXRA5_HUMAN,Q9NR99,25878
11,Vitamin D,13644,BAZ1A_HUMAN,Q9NRL2,11177
11,Vitamin D,15905,ADPPT_HUMAN,Q9NRN7,60496
11,Vitamin D,12293,LMBD1_HUMAN,Q9NUN5,55788
11,Vitamin D,19648,MED17_HUMAN,Q9NVC6,9440
11,Vitamin D,4212,S52A1_HUMAN,Q9NWF4,55065
11,Vitamin D,18517,P4HTM_HUMAN,Q9NXG6,54681
11,Vitamin D,573,CP39A_HUMAN,Q9NYL5,51302
11,Vitamin D,19630,MTRR_HUMAN,Q9UBK8,4552
11,Vitamin D,8381,S14L4_HUMAN,Q9UDX3,284904
11,Vitamin D,19436,KLOT_HUMAN,Q9UEF7,9365
11,Vitamin D,4582,S23A2_HUMAN,Q9UGH3,9962
11,Vitamin D,19961,NPCL1_HUMAN,Q9UHC9,29881
11,Vitamin D,4581,S23A1_HUMAN,Q9UHI7,9963
11,Vitamin D,12849,MED13_HUMAN,Q9UHV7,9969
11,Vitamin D,19649,MED23_HUMAN,Q9ULK4,9439
11,Vitamin D,8427,SC5A6_HUMAN,Q9Y289,8884
11,Vitamin D,13710,COG6_HUMAN,Q9Y2V7,57511
11,Vitamin D,5064,TR150_HUMAN,Q9Y2W1,9967
11,Vitamin D,11669,MED16_HUMAN,Q9Y2X0,10025
11,Vitamin D,12634,MMAC_HUMAN,Q9Y4U1,25974
11,Vitamin D,5276,UBIA1_HUMAN,Q9Y5Z9,29914
11,Vitamin D,491,DNM3A_HUMAN,Q9Y6K1,1788
11,Vitamin D,19995,NCOA3_HUMAN,Q9Y6Q9,8202
11,Vitamin D,5290,VDR_HUMAN,F1D8P8,7421
11,Vitamin D,8043,TMG1_HUMAN,O14668,5638
11,Vitamin D,10168,PLPHP_HUMAN,O94903,11212
11,Vitamin D,8441,S100G_HUMAN,P29377,795
11,Vitamin D,10117,RET2_HUMAN,P50120,5948
11,Vitamin D,10144,RET5_HUMAN,P82980,83758
11,Vitamin D,6884,ISX_HUMAN,Q2M1V0,91464
11,Vitamin D,5444,TYSY_HUMAN,Q53Y97,7298
11,Vitamin D,19747,OGFD2_HUMAN,Q6N063,79676
11,Vitamin D,11021,RETST_HUMAN,Q6NUM9,54884
11,Vitamin D,19748,OGFD3_HUMAN,Q6PK18,79701
11,Vitamin D,14126,DR9C7_HUMAN,Q8NEX9,121214
11,Vitamin D,16515,TMG3_HUMAN,Q9BZD7,79057
11,Vitamin D,11805,MGP_HUMAN,A0A024RAX0,4256
11,Vitamin D,10026,RET1_HUMAN,A0A0A0MQT0,5947
11,Vitamin D,14169,VKOR1_HUMAN,A0A0S2Z6I4,79001
11,Vitamin D,15960,AMD_HUMAN,A0A804HIQ0,5066
11,Vitamin D,14636,TYRO_HUMAN,L8B082,7299
11,Vitamin D,341,CEL_HUMAN,O75612,1056
11,Vitamin D,12962,CB083_HUMAN,Q53S99,
11,Vitamin D,16288,STC2_HUMAN,Q6FHC9,8614
11,Vitamin D,4170,S23A3_HUMAN,Q6PIS1,151295
11,Vitamin D,10170,RET7_HUMAN,Q96R05,116362
11,Vitamin D,4062,S14L3_HUMAN,Q9UDX4,266629
11,Vitamin D,9857,PLPP_HUMAN,A0A024R1I3,57026
11,Vitamin D,19890,MUTA_HUMAN,A0A024RD82,4594
11,Vitamin D,19186,POSTN_HUMAN,A0A024RDS2,10631
11,Vitamin D,15788,ADRO_HUMAN,A0A0A0MSZ4,2232
11,Vitamin D,15788,ADRO_HUMAN,A0A0C4DFN8,2232
11,Vitamin D,19961,NPCL1_HUMAN,A0A0C4DFX6,29881
11,Vitamin D,15788,ADRO_HUMAN,A0A0C4DGN7,2232
11,Vitamin D,3908,PROS_HUMAN,A0A0S2Z4K3,5627
11,Vitamin D,3908,PROS_HUMAN,A0A0S2Z4L3,5627
11,Vitamin D,14169,VKOR1_HUMAN,A0A0S2Z5X7,79001
11,Vitamin D,4582,S23A2_HUMAN,A0A140VK48,9962
11,Vitamin D,8196,S52A2_HUMAN,A0A6Q8PHF8,79581
11,Vitamin D,12860,NR1H4_HUMAN,B6ZGS9,9971
11,Vitamin D,8196,S52A2_HUMAN,E9PKE4,79581
11,Vitamin D,10169,RET4_HUMAN,Q5VY30,5950
11,Vitamin D,8230,S19A2_HUMAN,A0A024R8Y5,10560
11,Vitamin D,14293,VKGC_HUMAN,A0A8I5QJA4,2677
12,Vitamin E,13649,BECN1_HUMAN,A0A024R1X5,8678
12,Vitamin E,20042,NPT2A_HUMAN,A0A024R7R9,6569
12,Vitamin E,10799,PENK_HUMAN,A0A024R7V4,5179
12,Vitamin E,18907,PPBT_HUMAN,A0A024RAB4,249
12,Vitamin E,16898,AT2B1_HUMAN,A0A024RBC7,490
12,Vitamin E,18845,PPARD_HUMAN,A0A024RCW6,5467
12,Vitamin E,6009,HEM2_HUMAN,A0A140VJL9,210
12,Vitamin E,2283,CATA_HUMAN,A0A384P5Q0,847
12,Vitamin E,16733,TGFB1_HUMAN,A0A499FJK2,7040
12,Vitamin E,13543,CP1A1_HUMAN,A0N0X8,1543
12,Vitamin E,11953,LEP_HUMAN,A4D0Y8,3952
12,Vitamin E,13378,BMP7_HUMAN,A8K571,655
12,Vitamin E,19023,PPARG_HUMAN,E9PFV2,5468
12,Vitamin E,985,EPO_HUMAN,G9JKG7,2056
12,Vitamin E,4341,SGK1_HUMAN,O00141,6446
12,Vitamin E,16448,TAF4_HUMAN,O00268,6874
12,Vitamin E,10118,PLOD2_HUMAN,O00469,5352
12,Vitamin E,19662,NR5A2_HUMAN,O00482,2494
12,Vitamin E,2088,CYR61_HUMAN,O00622,3491
12,Vitamin E,10935,PDXK_HUMAN,O00764,8566
12,Vitamin E,913,ENPP3_HUMAN,O14638,5169
12,Vitamin E,16514,TMG2_HUMAN,O14669,5639
12,Vitamin E,15547,ABCD4_HUMAN,O14678,5826
12,Vitamin E,18210,PAHX_HUMAN,O14832,5264
12,Vitamin E,3205,DEGS1_HUMAN,O15121,8560
12,Vitamin E,9019,TIF1A_HUMAN,O15164,8805
12,Vitamin E,4066,S22A2_HUMAN,O15244,6582
12,Vitamin E,4226,S22A1_HUMAN,O15245,6580
12,Vitamin E,13590,BCAT2_HUMAN,O15382,587
12,Vitamin E,18516,P4HA2_HUMAN,O15460,8974
12,Vitamin E,3060,CP27B_HUMAN,O15528,1594
12,Vitamin E,51,CP26A_HUMAN,O43174,1592
12,Vitamin E,7704,SNAI2_HUMAN,O43623,6591
12,Vitamin E,13135,CALU_HUMAN,O43852,813
12,Vitamin E,11572,MED14_HUMAN,O60244,9282
12,Vitamin E,94,CUBN_HUMAN,O60494,8029
12,Vitamin E,9886,PLOD3_HUMAN,O60568,8985
12,Vitamin E,9369,SEP15_HUMAN,O60613,9403
12,Vitamin E,19360,JAK2_HUMAN,O60674,3717
12,Vitamin E,8230,S19A2_HUMAN,O60779,10560
12,Vitamin E,19938,NCOR1_HUMAN,O75376,9611
12,Vitamin E,11579,MED24_HUMAN,O75448,9862
12,Vitamin E,12861,NR1I2_HUMAN,O75469,8856
12,Vitamin E,1262,DHRS3_HUMAN,O75911,9249
12,Vitamin E,3850,PRAF3_HUMAN,O75915,10550
12,Vitamin E,8229,S14L2_HUMAN,O76054,23541
12,Vitamin E,16288,STC2_HUMAN,O76061,8614
12,Vitamin E,15881,AL1A2_HUMAN,O94788,8854
12,Vitamin E,12138,LRAT_HUMAN,O95237,9227
12,Vitamin E,15632,ABCA1_HUMAN,O95477,19
12,Vitamin E,14446,VNN1_HUMAN,O95497,8876
12,Vitamin E,14483,VNN2_HUMAN,O95498,8875
12,Vitamin E,9428,SNAI1_HUMAN,O95863,6615
12,Vitamin E,118,CYB5_HUMAN,P00167,1528
12,Vitamin E,16071,AL1A1_HUMAN,P00352,216
12,Vitamin E,12388,NB5R3_HUMAN,P00387,1727
12,Vitamin E,4782,SODC_HUMAN,P00441,6647
12,Vitamin E,16701,THRB_HUMAN,P00734,2147
12,Vitamin E,1629,FA9_HUMAN,P00740,2158
12,Vitamin E,1457,FA10_HUMAN,P00742,2159
12,Vitamin E,10799,PENK_HUMAN,P01210,5179
12,Vitamin E,9712,TSHB_HUMAN,P01222,7252
12,Vitamin E,3555,PTHY_HUMAN,P01270,5741
12,Vitamin E,7777,TNFA_HUMAN,P01375,7124
12,Vitamin E,5706,IFNG_HUMAN,P01579,3458
12,Vitamin E,985,EPO_HUMAN,P01588,2056
12,Vitamin E,14091,CO1A1_HUMAN,P02452,1277
12,Vitamin E,15433,APOA1_HUMAN,P02647,335
12,Vitamin E,10169,RET4_HUMAN,P02753,5950
12,Vitamin E,15887,ALBU_HUMAN,P02768,213
12,Vitamin E,14493,VTDB_HUMAN,P02774,2638
12,Vitamin E,468,CXL10_HUMAN,P02778,3627
12,Vitamin E,3571,OSTCN_HUMAN,P02818,632
12,Vitamin E,13427,C4BPA_HUMAN,P04003,722
12,Vitamin E,2283,CATA_HUMAN,P04040,847
12,Vitamin E,3720,PROC_HUMAN,P04070,5624
12,Vitamin E,9390,SHBG_HUMAN,P04278,6462
12,Vitamin E,13543,CP1A1_HUMAN,P04798,1543
12,Vitamin E,5444,TYSY_HUMAN,P04818,7298
12,Vitamin E,17275,ARGI1_HUMAN,P05089,383
12,Vitamin E,15518,APOD_HUMAN,P05090,347
12,Vitamin E,393,CP11A_HUMAN,P05108,1583
12,Vitamin E,18907,PPBT_HUMAN,P05186,249
12,Vitamin E,11340,KPCB_HUMAN,P05771,5579
12,Vitamin E,13222,CALB1_HUMAN,P05937,793
12,Vitamin E,9980,PRGR_HUMAN,P06401,5241
12,Vitamin E,3654,PYGL_HUMAN,P06737,5836
12,Vitamin E,760,GPX1_HUMAN,P07203,2876
12,Vitamin E,3908,PROS_HUMAN,P07225,5627
12,Vitamin E,6521,FES_HUMAN,P07332,2242
12,Vitamin E,6956,IGF1R_HUMAN,P08069,3480
12,Vitamin E,11805,MGP_HUMAN,P08493,4256
12,Vitamin E,574,CP3A4_HUMAN,P08684,1576
12,Vitamin E,2087,FA7_HUMAN,P08709,2155
12,Vitamin E,1252,DOPO_HUMAN,P09172,1621
12,Vitamin E,17594,GSTA2_HUMAN,P09210,2939
12,Vitamin E,5993,GSTP1_HUMAN,P09211,2950
12,Vitamin E,10026,RET1_HUMAN,P09455,5947
12,Vitamin E,6069,HMOX1_HUMAN,P09601,3162
12,Vitamin E,11868,LOX5_HUMAN,P09917,240
12,Vitamin E,10723,RARA_HUMAN,P10276,5914
12,Vitamin E,18638,OSTP_HUMAN,P10451,6696
12,Vitamin E,9885,RET3_HUMAN,P10745,5949
12,Vitamin E,6267,HEM4_HUMAN,P10746,7390
12,Vitamin E,17752,GTR1_HUMAN,P11166,6513
12,Vitamin E,5942,GTR3_HUMAN,P11169,6515
12,Vitamin E,9835,PIM1_HUMAN,P11309,5292
12,Vitamin E,5290,VDR_HUMAN,P11473,7421
12,Vitamin E,2811,CP2C9_HUMAN,P11712,1559
12,Vitamin E,1464,FA5_HUMAN,P12259,2153
12,Vitamin E,4518,RLBP1_HUMAN,P12271,6017
12,Vitamin E,18515,P4HA1_HUMAN,P13674,5033
12,Vitamin E,18838,PPA5_HUMAN,P13686,54
12,Vitamin E,6009,HEM2_HUMAN,P13716,210
12,Vitamin E,14636,TYRO_HUMAN,P14679,7299
12,Vitamin E,17695,GLNA_HUMAN,P15104,2752
12,Vitamin E,19130,NQO1_HUMAN,P15559,1728
12,Vitamin E,8889,TFE2_HUMAN,P15923,6929
12,Vitamin E,18865,NQO2_HUMAN,P16083,4835
12,Vitamin E,2304,CBR1_HUMAN,P16152,873
12,Vitamin E,8616,UD2B7_HUMAN,P16662,7364
12,Vitamin E,19440,KPCA_HUMAN,P17252,5578
12,Vitamin E,19373,KAPCA_HUMAN,P17612,5566
12,Vitamin E,722,ERCC2_HUMAN,P18074,2068
12,Vitamin E,13378,BMP7_HUMAN,P18075,655
12,Vitamin E,15960,AMD_HUMAN,P19021,5066
12,Vitamin E,8172,RXRA_HUMAN,P19793,6256
12,Vitamin E,20088,NFKB1_HUMAN,P19838,4790
12,Vitamin E,16898,AT2B1_HUMAN,P20020,490
12,Vitamin E,8784,TCO1_HUMAN,P20061,6947
12,Vitamin E,8785,TCO2_HUMAN,P20062,6948
12,Vitamin E,17969,GSTM3_HUMAN,P21266,2947
12,Vitamin E,19890,MUTA_HUMAN,P22033,4594
12,Vitamin E,8689,UD14_HUMAN,P22310,54657
12,Vitamin E,1386,ENPP1_HUMAN,P22413,5167
12,Vitamin E,6492,FGFR4_HUMAN,P22455,2264
12,Vitamin E,15788,ADRO_HUMAN,P22570,2232
12,Vitamin E,6618,FGFR3_HUMAN,P22607,2261
12,Vitamin E,3955,PROZ_HUMAN,P22891,8858
12,Vitamin E,2693,DGKA_HUMAN,P23743,1606
12,Vitamin E,2540,CCND1_HUMAN,P24385,595
12,Vitamin E,2996,CDK2_HUMAN,P24941,1017
12,Vitamin E,19394,IF_HUMAN,P27352,2694
12,Vitamin E,4571,RXRB_HUMAN,P28702,6257
12,Vitamin E,10464,RABP2_HUMAN,P29373,1382
12,Vitamin E,10517,PDIA3_HUMAN,P30101,2923
12,Vitamin E,16468,UFO_HUMAN,P30530,558
12,Vitamin E,7585,TSPO_HUMAN,P30536,706
12,Vitamin E,8394,S5A2_HUMAN,P31213,6716
12,Vitamin E,19684,MRP1_HUMAN,P33527,4363
12,Vitamin E,17989,GPC1_HUMAN,P35052,2817
12,Vitamin E,10808,PGH2_HUMAN,P35354,5743
12,Vitamin E,16457,UD13_HUMAN,P35503,54659
12,Vitamin E,13105,CBS_HUMAN,P35520,875
12,Vitamin E,9023,TIMP3_HUMAN,P35625,7078
12,Vitamin E,14293,VKGC_HUMAN,P38435,2677
12,Vitamin E,12042,LICH_HUMAN,P38571,3988
12,Vitamin E,20149,NNMT_HUMAN,P40261,4837
12,Vitamin E,5593,IL15_HUMAN,P40933,3600
12,Vitamin E,11953,LEP_HUMAN,P41159,3952
12,Vitamin E,13097,CASR_HUMAN,P41180,846
12,Vitamin E,3379,PTGDS_HUMAN,P41222,5730
12,Vitamin E,8171,S19A1_HUMAN,P41440,6573
12,Vitamin E,19624,MTHR_HUMAN,P42898,4524
12,Vitamin E,15763,AFAM_HUMAN,P43652,173
12,Vitamin E,5501,GATA4_HUMAN,P43694,2626
12,Vitamin E,15588,ABCG1_HUMAN,P45844,9619
12,Vitamin E,12111,MAP1B_HUMAN,P46821,4131
12,Vitamin E,5421,YAP1_HUMAN,P46937,10413
12,Vitamin E,16043,AL1A3_HUMAN,P47895,220
12,Vitamin E,17966,GSH1_HUMAN,P48506,2729
12,Vitamin E,12863,NR2C2_HUMAN,P49116,7182
12,Vitamin E,5908,FAS_HUMAN,P49327,2194
12,Vitamin E,9630,TTPA_HUMAN,P49638,7274
12,Vitamin E,4925,STC1_HUMAN,P52823,6781
12,Vitamin E,18770,PDX1_HUMAN,P52945,3651
12,Vitamin E,10374,PA216_HUMAN,P53816,11145
12,Vitamin E,10146,PLTP_HUMAN,P55058,5360
12,Vitamin E,19857,MTP_HUMAN,P55157,4547
12,Vitamin E,1857,CDN2D_HUMAN,P55273,1032
12,Vitamin E,4883,SUMO2_HUMAN,P61956,6613
12,Vitamin E,18959,PP2AB_HUMAN,P62714,5516
12,Vitamin E,5275,UBC9_HUMAN,P63279,7329
12,Vitamin E,18821,PP2AA_HUMAN,P67775,5515
12,Vitamin E,6381,FKB1B_HUMAN,P68106,2281
12,Vitamin E,403,CP4F2_HUMAN,P78329,8529
12,Vitamin E,17464,IRX5_HUMAN,P78411,10265
12,Vitamin E,17463,IRX4_HUMAN,P78413,50805
12,Vitamin E,18014,GSTO1_HUMAN,P78417,9446
12,Vitamin E,10864,PHEX_HUMAN,P78562,5251
12,Vitamin E,6250,HEPC_HUMAN,P81172,57817
12,Vitamin E,11930,LRP2_HUMAN,P98164,4036
12,Vitamin E,12788,OCRL_HUMAN,Q01968,4952
12,Vitamin E,55,CP27A_HUMAN,Q02318,1593
12,Vitamin E,10092,PLOD1_HUMAN,Q02809,5351
12,Vitamin E,19563,MUC2_HUMAN,Q02817,4583
12,Vitamin E,18845,PPARD_HUMAN,Q03181,5467
12,Vitamin E,20042,NPT2A_HUMAN,Q06495,6569
12,Vitamin E,18844,PPARA_HUMAN,Q07869,5465
12,Vitamin E,231,CP24A_HUMAN,Q07973,1591
12,Vitamin E,19558,MN1_HUMAN,Q10571,4330
12,Vitamin E,5826,FUT2_HUMAN,Q10981,2524
12,Vitamin E,12859,NR1H3_HUMAN,Q13133,10062
12,Vitamin E,2675,DMP1_HUMAN,Q13316,1758
12,Vitamin E,2987,CENPR_HUMAN,Q13352,23421
12,Vitamin E,9280,SNW1_HUMAN,Q13573,22938
12,Vitamin E,979,ENPP2_HUMAN,Q13822,5168
12,Vitamin E,13729,AUHM_HUMAN,Q13825,549
12,Vitamin E,13958,BAAT_HUMAN,Q14032,570
12,Vitamin E,7655,TOB2_HUMAN,Q14106,10766
12,Vitamin E,4942,TRI25_HUMAN,Q14258,7706
12,Vitamin E,6371,GAS6_HUMAN,Q14393,2621
12,Vitamin E,13649,BECN1_HUMAN,Q14457,8678
12,Vitamin E,19937,NCOA6_HUMAN,Q14686,23054
12,Vitamin E,19186,POSTN_HUMAN,Q15063,10631
12,Vitamin E,11088,RGN_HUMAN,Q15493,9104
12,Vitamin E,8576,TAF11_HUMAN,Q15544,6882
12,Vitamin E,8749,TAF7_HUMAN,Q15545,6879
12,Vitamin E,13270,BGH3_HUMAN,Q15582,7045
12,Vitamin E,11575,MED1_HUMAN,Q15648,5469
12,Vitamin E,19993,NCOA1_HUMAN,Q15788,8648
12,Vitamin E,12816,MSMO1_HUMAN,Q15800,6307
12,Vitamin E,5352,UB2V2_HUMAN,Q15819,7336
12,Vitamin E,4447,RPE65_HUMAN,Q16518,6121
12,Vitamin E,11192,KYNU_HUMAN,Q16719,8942
12,Vitamin E,16444,UPP1_HUMAN,Q16831,7378
12,Vitamin E,7574,TRXR1_HUMAN,Q16881,7296
12,Vitamin E,20338,P3H1_HUMAN,Q32P28,64175
12,Vitamin E,13348,C27C1_HUMAN,Q4G0S4,339761
12,Vitamin E,72,CTL4_HUMAN,Q53GD3,80736
12,Vitamin E,10175,PDZ11_HUMAN,Q5EBL8,51248
12,Vitamin E,13802,ARH_HUMAN,Q5SW96,26119
12,Vitamin E,19282,KANK2_HUMAN,Q63ZY3,25959
12,Vitamin E,2540,CCND1_HUMAN,Q6FI00,595
12,Vitamin E,10723,RARA_HUMAN,Q6I9R7,5914
12,Vitamin E,2958,CCD62_HUMAN,Q6P9F0,84660
12,Vitamin E,2870,CP26C_HUMAN,Q6V0L0,340665
12,Vitamin E,3028,CP2R1_HUMAN,Q6VVX0,120227
12,Vitamin E,760,GPX1_HUMAN,Q7L4Q3,2876
12,Vitamin E,18317,P4HA3_HUMAN,Q7Z4N8,283208
12,Vitamin E,17828,GLRX5_HUMAN,Q86SX6,51218
12,Vitamin E,18287,OSTB_HUMAN,Q86UW2,123264
12,Vitamin E,11853,MMAA_HUMAN,Q8IVH4,166785
12,Vitamin E,20293,P3H2_HUMAN,Q8IVL5,55214
12,Vitamin E,20412,P3H3_HUMAN,Q8IVL6,10536
12,Vitamin E,14540,VKORL_HUMAN,Q8N0U8,154807
12,Vitamin E,13884,CLYBL_HUMAN,Q8N0X4,171425
12,Vitamin E,10006,PIAS4_HUMAN,Q8N2W9,51588
12,Vitamin E,9549,SFRP1_HUMAN,Q8N474,6422
12,Vitamin E,12701,OGFD1_HUMAN,Q8N543,55239
12,Vitamin E,10318,RDH13_HUMAN,Q8NBN7,112724
12,Vitamin E,6558,FAD1_HUMAN,Q8NFF5,80308
12,Vitamin E,7666,TPC2_HUMAN,Q8NHX9,219931
12,Vitamin E,17486,GDAP1_HUMAN,Q8TB36,54332
12,Vitamin E,3499,RDH11_HUMAN,Q8TC12,51109
12,Vitamin E,10205,PIGO_HUMAN,Q8TEQ8,84720
12,Vitamin E,17937,IPO4_HUMAN,Q8TEX9,79711
12,Vitamin E,4051,SCRB1_HUMAN,Q8WTV0,949
12,Vitamin E,16874,AQP3_HUMAN,Q92482,360
12,Vitamin E,10469,RDH1_HUMAN,Q92781,5959
12,Vitamin E,11574,MED12_HUMAN,Q93074,9968
12,Vitamin E,5966,HMR1_HUMAN,Q95460,3140
12,Vitamin E,9962,RIFK_HUMAN,Q969G6,55312
12,Vitamin E,16945,ARRD3_HUMAN,Q96B67,57561
12,Vitamin E,11692,MMAB_HUMAN,Q96EY8,326625
12,Vitamin E,8391,S47A1_HUMAN,Q96FL8,55244
12,Vitamin E,9857,PLPP_HUMAN,Q96GD0,57026
12,Vitamin E,9545,SMRD1_HUMAN,Q96GM5,6602
12,Vitamin E,5602,MED30_HUMAN,Q96HR3,90390
12,Vitamin E,4045,SCLY_HUMAN,Q96I15,51540
12,Vitamin E,1472,EGLN2_HUMAN,Q96KS0,112398
12,Vitamin E,11097,RDH12_HUMAN,Q96NR8,145226
12,Vitamin E,15926,ALKB3_HUMAN,Q96Q83,221120
12,Vitamin E,12860,NR1H4_HUMAN,Q96RI1,9971
12,Vitamin E,15792,ACOX2_HUMAN,Q99424,8309
12,Vitamin E,12130,LGMN_HUMAN,Q99538,5641
12,Vitamin E,2276,CDX2_HUMAN,Q99626,1045
12,Vitamin E,859,GFI1_HUMAN,Q99684,2672
12,Vitamin E,7144,METH_HUMAN,Q99707,4548
12,Vitamin E,14169,VKOR1_HUMAN,Q9BQB6,79001
12,Vitamin E,1923,CSTN3_HUMAN,Q9BQT9,9746
12,Vitamin E,15835,AIFM2_HUMAN,Q9BRQ8,84883
12,Vitamin E,2601,DHRS4_HUMAN,Q9BTZ2,10901
12,Vitamin E,9171,THTPA_HUMAN,Q9BU02,79178
12,Vitamin E,6634,FANCJ_HUMAN,Q9BX63,83990
12,Vitamin E,16560,STRA6_HUMAN,Q9BX79,64220
12,Vitamin E,15394,AMNLS_HUMAN,Q9BXJ7,81693
12,Vitamin E,8044,TMG4_HUMAN,Q9BZD6,79056
12,Vitamin E,4596,S19A3_HUMAN,Q9BZV2,80704
12,Vitamin E,784,EGLN1_HUMAN,Q9GZT9,54583
12,Vitamin E,5778,FGF23_HUMAN,Q9GZV9,8074
12,Vitamin E,11849,MMAD_HUMAN,Q9H3L0,27249
12,Vitamin E,15187,TXNIP_HUMAN,Q9H3M7,10628
12,Vitamin E,9671,TPK1_HUMAN,Q9H3S4,27010
12,Vitamin E,17666,GSTO2_HUMAN,Q9H4Y5,119391
12,Vitamin E,1383,EGLN3_HUMAN,Q9H6Z9,112399
12,Vitamin E,18222,PANK3_HUMAN,Q9H999,79646
12,Vitamin E,8196,S52A2_HUMAN,Q9HAB3,79581
12,Vitamin E,18967,PPCS_HUMAN,Q9HAB8,79717
12,Vitamin E,13622,BCDO1_HUMAN,Q9HAY6,53630
12,Vitamin E,11098,RDH14_HUMAN,Q9HBH5,57665
12,Vitamin E,396,CP4FB_HUMAN,Q9HBI6,57834
12,Vitamin E,7560,TPC_HUMAN,Q9HC21,60386
12,Vitamin E,398,CP4FC_HUMAN,Q9HCS2,66002
12,Vitamin E,2431,CD320_HUMAN,Q9NPF0,51293
12,Vitamin E,5604,MED4_HUMAN,Q9NPJ6,29079
12,Vitamin E,4090,S52A3_HUMAN,Q9NQ40,113278
12,Vitamin E,2115,CP26B_HUMAN,Q9NR63,56603
12,Vitamin E,18766,MXRA5_HUMAN,Q9NR99,25878
12,Vitamin E,13644,BAZ1A_HUMAN,Q9NRL2,11177
12,Vitamin E,15905,ADPPT_HUMAN,Q9NRN7,60496
12,Vitamin E,12293,LMBD1_HUMAN,Q9NUN5,55788
12,Vitamin E,19648,MED17_HUMAN,Q9NVC6,9440
12,Vitamin E,4212,S52A1_HUMAN,Q9NWF4,55065
12,Vitamin E,18517,P4HTM_HUMAN,Q9NXG6,54681
12,Vitamin E,573,CP39A_HUMAN,Q9NYL5,51302
12,Vitamin E,10199,RDH8_HUMAN,Q9NYR8,50700
12,Vitamin E,19630,MTRR_HUMAN,Q9UBK8,4552
12,Vitamin E,8381,S14L4_HUMAN,Q9UDX3,284904
12,Vitamin E,19436,KLOT_HUMAN,Q9UEF7,9365
12,Vitamin E,4582,S23A2_HUMAN,Q9UGH3,9962
12,Vitamin E,19961,NPCL1_HUMAN,Q9UHC9,29881
12,Vitamin E,4581,S23A1_HUMAN,Q9UHI7,9963
12,Vitamin E,12849,MED13_HUMAN,Q9UHV7,9969
12,Vitamin E,19649,MED23_HUMAN,Q9ULK4,9439
12,Vitamin E,8427,SC5A6_HUMAN,Q9Y289,8884
12,Vitamin E,13710,COG6_HUMAN,Q9Y2V7,57511
12,Vitamin E,5064,TR150_HUMAN,Q9Y2W1,9967
12,Vitamin E,12634,MMAC_HUMAN,Q9Y4U1,25974
12,Vitamin E,5276,UBIA1_HUMAN,Q9Y5Z9,29914
12,Vitamin E,491,DNM3A_HUMAN,Q9Y6K1,1788
12,Vitamin E,19995,NCOA3_HUMAN,Q9Y6Q9,8202
12,Vitamin E,5290,VDR_HUMAN,F1D8P8,7421
12,Vitamin E,8043,TMG1_HUMAN,O14668,5638
12,Vitamin E,10168,PLPHP_HUMAN,O94903,11212
12,Vitamin E,8441,S100G_HUMAN,P29377,795
12,Vitamin E,10117,RET2_HUMAN,P50120,5948
12,Vitamin E,10144,RET5_HUMAN,P82980,83758
12,Vitamin E,6884,ISX_HUMAN,Q2M1V0,91464
12,Vitamin E,5444,TYSY_HUMAN,Q53Y97,7298
12,Vitamin E,19747,OGFD2_HUMAN,Q6N063,79676
12,Vitamin E,11021,RETST_HUMAN,Q6NUM9,54884
12,Vitamin E,19748,OGFD3_HUMAN,Q6PK18,79701
12,Vitamin E,14126,DR9C7_HUMAN,Q8NEX9,121214
12,Vitamin E,16515,TMG3_HUMAN,Q9BZD7,79057
12,Vitamin E,11805,MGP_HUMAN,A0A024RAX0,4256
12,Vitamin E,10026,RET1_HUMAN,A0A0A0MQT0,5947
12,Vitamin E,14169,VKOR1_HUMAN,A0A0S2Z6I4,79001
12,Vitamin E,15960,AMD_HUMAN,A0A804HIQ0,5066
12,Vitamin E,14636,TYRO_HUMAN,L8B082,7299
12,Vitamin E,341,CEL_HUMAN,O75612,1056
12,Vitamin E,12962,CB083_HUMAN,Q53S99,
12,Vitamin E,16288,STC2_HUMAN,Q6FHC9,8614
12,Vitamin E,4170,S23A3_HUMAN,Q6PIS1,151295
12,Vitamin E,11930,LRP2_HUMAN,Q7Z5C0,4036
12,Vitamin E,10170,RET7_HUMAN,Q96R05,116362
12,Vitamin E,4062,S14L3_HUMAN,Q9UDX4,266629
12,Vitamin E,9857,PLPP_HUMAN,A0A024R1I3,57026
12,Vitamin E,19890,MUTA_HUMAN,A0A024RD82,4594
12,Vitamin E,19186,POSTN_HUMAN,A0A024RDS2,10631
12,Vitamin E,15788,ADRO_HUMAN,A0A0A0MSZ4,2232
12,Vitamin E,15788,ADRO_HUMAN,A0A0C4DFN8,2232
12,Vitamin E,19961,NPCL1_HUMAN,A0A0C4DFX6,29881
12,Vitamin E,15788,ADRO_HUMAN,A0A0C4DGN7,2232
12,Vitamin E,3908,PROS_HUMAN,A0A0S2Z4K3,5627
12,Vitamin E,3908,PROS_HUMAN,A0A0S2Z4L3,5627
12,Vitamin E,14169,VKOR1_HUMAN,A0A0S2Z5X7,79001
12,Vitamin E,4582,S23A2_HUMAN,A0A140VK48,9962
12,Vitamin E,8196,S52A2_HUMAN,A0A6Q8PHF8,79581
12,Vitamin E,12860,NR1H4_HUMAN,B6ZGS9,9971
12,Vitamin E,8196,S52A2_HUMAN,E9PKE4,79581
12,Vitamin E,10169,RET4_HUMAN,Q5VY30,5950
12,Vitamin E,8230,S19A2_HUMAN,A0A024R8Y5,10560
12,Vitamin E,14293,VKGC_HUMAN,A0A8I5QJA4,2677
13,Vitamin K,13649,BECN1_HUMAN,A0A024R1X5,8678
13,Vitamin K,20042,NPT2A_HUMAN,A0A024R7R9,6569
13,Vitamin K,10799,PENK_HUMAN,A0A024R7V4,5179
13,Vitamin K,18907,PPBT_HUMAN,A0A024RAB4,249
13,Vitamin K,16898,AT2B1_HUMAN,A0A024RBC7,490
13,Vitamin K,18845,PPARD_HUMAN,A0A024RCW6,5467
13,Vitamin K,16733,TGFB1_HUMAN,A0A499FJK2,7040
13,Vitamin K,13543,CP1A1_HUMAN,A0N0X8,1543
13,Vitamin K,11953,LEP_HUMAN,A4D0Y8,3952
13,Vitamin K,13378,BMP7_HUMAN,A8K571,655
13,Vitamin K,19023,PPARG_HUMAN,E9PFV2,5468
13,Vitamin K,985,EPO_HUMAN,G9JKG7,2056
13,Vitamin K,4341,SGK1_HUMAN,O00141,6446
13,Vitamin K,16448,TAF4_HUMAN,O00268,6874
13,Vitamin K,10118,PLOD2_HUMAN,O00469,5352
13,Vitamin K,19662,NR5A2_HUMAN,O00482,2494
13,Vitamin K,2088,CYR61_HUMAN,O00622,3491
13,Vitamin K,10935,PDXK_HUMAN,O00764,8566
13,Vitamin K,913,ENPP3_HUMAN,O14638,5169
13,Vitamin K,16514,TMG2_HUMAN,O14669,5639
13,Vitamin K,15547,ABCD4_HUMAN,O14678,5826
13,Vitamin K,18210,PAHX_HUMAN,O14832,5264
13,Vitamin K,3205,DEGS1_HUMAN,O15121,8560
13,Vitamin K,9019,TIF1A_HUMAN,O15164,8805
13,Vitamin K,4066,S22A2_HUMAN,O15244,6582
13,Vitamin K,4226,S22A1_HUMAN,O15245,6580
13,Vitamin K,13590,BCAT2_HUMAN,O15382,587
13,Vitamin K,18516,P4HA2_HUMAN,O15460,8974
13,Vitamin K,3060,CP27B_HUMAN,O15528,1594
13,Vitamin K,51,CP26A_HUMAN,O43174,1592
13,Vitamin K,7704,SNAI2_HUMAN,O43623,6591
13,Vitamin K,13135,CALU_HUMAN,O43852,813
13,Vitamin K,11572,MED14_HUMAN,O60244,9282
13,Vitamin K,94,CUBN_HUMAN,O60494,8029
13,Vitamin K,9886,PLOD3_HUMAN,O60568,8985
13,Vitamin K,9369,SEP15_HUMAN,O60613,9403
13,Vitamin K,19360,JAK2_HUMAN,O60674,3717
13,Vitamin K,8230,S19A2_HUMAN,O60779,10560
13,Vitamin K,19938,NCOR1_HUMAN,O75376,9611
13,Vitamin K,11579,MED24_HUMAN,O75448,9862
13,Vitamin K,12861,NR1I2_HUMAN,O75469,8856
13,Vitamin K,1262,DHRS3_HUMAN,O75911,9249
13,Vitamin K,3850,PRAF3_HUMAN,O75915,10550
13,Vitamin K,8229,S14L2_HUMAN,O76054,23541
13,Vitamin K,16288,STC2_HUMAN,O76061,8614
13,Vitamin K,15881,AL1A2_HUMAN,O94788,8854
13,Vitamin K,12138,LRAT_HUMAN,O95237,9227
13,Vitamin K,15632,ABCA1_HUMAN,O95477,19
13,Vitamin K,14446,VNN1_HUMAN,O95497,8876
13,Vitamin K,14483,VNN2_HUMAN,O95498,8875
13,Vitamin K,9428,SNAI1_HUMAN,O95863,6615
13,Vitamin K,118,CYB5_HUMAN,P00167,1528
13,Vitamin K,16071,AL1A1_HUMAN,P00352,216
13,Vitamin K,12388,NB5R3_HUMAN,P00387,1727
13,Vitamin K,4782,SODC_HUMAN,P00441,6647
13,Vitamin K,16701,THRB_HUMAN,P00734,2147
13,Vitamin K,1629,FA9_HUMAN,P00740,2158
13,Vitamin K,1457,FA10_HUMAN,P00742,2159
13,Vitamin K,10799,PENK_HUMAN,P01210,5179
13,Vitamin K,9712,TSHB_HUMAN,P01222,7252
13,Vitamin K,3555,PTHY_HUMAN,P01270,5741
13,Vitamin K,7777,TNFA_HUMAN,P01375,7124
13,Vitamin K,5706,IFNG_HUMAN,P01579,3458
13,Vitamin K,985,EPO_HUMAN,P01588,2056
13,Vitamin K,14091,CO1A1_HUMAN,P02452,1277
13,Vitamin K,15433,APOA1_HUMAN,P02647,335
13,Vitamin K,10169,RET4_HUMAN,P02753,5950
13,Vitamin K,15887,ALBU_HUMAN,P02768,213
13,Vitamin K,14493,VTDB_HUMAN,P02774,2638
13,Vitamin K,468,CXL10_HUMAN,P02778,3627
13,Vitamin K,3571,OSTCN_HUMAN,P02818,632
13,Vitamin K,13427,C4BPA_HUMAN,P04003,722
13,Vitamin K,2283,CATA_HUMAN,P04040,847
13,Vitamin K,3720,PROC_HUMAN,P04070,5624
13,Vitamin K,9390,SHBG_HUMAN,P04278,6462
13,Vitamin K,13543,CP1A1_HUMAN,P04798,1543
13,Vitamin K,5444,TYSY_HUMAN,P04818,7298
13,Vitamin K,17275,ARGI1_HUMAN,P05089,383
13,Vitamin K,15518,APOD_HUMAN,P05090,347
13,Vitamin K,393,CP11A_HUMAN,P05108,1583
13,Vitamin K,18907,PPBT_HUMAN,P05186,249
13,Vitamin K,11340,KPCB_HUMAN,P05771,5579
13,Vitamin K,13222,CALB1_HUMAN,P05937,793
13,Vitamin K,9980,PRGR_HUMAN,P06401,5241
13,Vitamin K,3654,PYGL_HUMAN,P06737,5836
13,Vitamin K,760,GPX1_HUMAN,P07203,2876
13,Vitamin K,3908,PROS_HUMAN,P07225,5627
13,Vitamin K,6521,FES_HUMAN,P07332,2242
13,Vitamin K,6956,IGF1R_HUMAN,P08069,3480
13,Vitamin K,11805,MGP_HUMAN,P08493,4256
13,Vitamin K,574,CP3A4_HUMAN,P08684,1576
13,Vitamin K,2087,FA7_HUMAN,P08709,2155
13,Vitamin K,1252,DOPO_HUMAN,P09172,1621
13,Vitamin K,17594,GSTA2_HUMAN,P09210,2939
13,Vitamin K,5993,GSTP1_HUMAN,P09211,2950
13,Vitamin K,10026,RET1_HUMAN,P09455,5947
13,Vitamin K,6069,HMOX1_HUMAN,P09601,3162
13,Vitamin K,11868,LOX5_HUMAN,P09917,240
13,Vitamin K,10723,RARA_HUMAN,P10276,5914
13,Vitamin K,18638,OSTP_HUMAN,P10451,6696
13,Vitamin K,9885,RET3_HUMAN,P10745,5949
13,Vitamin K,6267,HEM4_HUMAN,P10746,7390
13,Vitamin K,17752,GTR1_HUMAN,P11166,6513
13,Vitamin K,5942,GTR3_HUMAN,P11169,6515
13,Vitamin K,9835,PIM1_HUMAN,P11309,5292
13,Vitamin K,5290,VDR_HUMAN,P11473,7421
13,Vitamin K,2811,CP2C9_HUMAN,P11712,1559
13,Vitamin K,1464,FA5_HUMAN,P12259,2153
13,Vitamin K,4518,RLBP1_HUMAN,P12271,6017
13,Vitamin K,18515,P4HA1_HUMAN,P13674,5033
13,Vitamin K,18838,PPA5_HUMAN,P13686,54
13,Vitamin K,6009,HEM2_HUMAN,P13716,210
13,Vitamin K,14636,TYRO_HUMAN,P14679,7299
13,Vitamin K,17695,GLNA_HUMAN,P15104,2752
13,Vitamin K,19130,NQO1_HUMAN,P15559,1728
13,Vitamin K,8889,TFE2_HUMAN,P15923,6929
13,Vitamin K,18865,NQO2_HUMAN,P16083,4835
13,Vitamin K,2304,CBR1_HUMAN,P16152,873
13,Vitamin K,8616,UD2B7_HUMAN,P16662,7364
13,Vitamin K,19440,KPCA_HUMAN,P17252,5578
13,Vitamin K,19373,KAPCA_HUMAN,P17612,5566
13,Vitamin K,722,ERCC2_HUMAN,P18074,2068
13,Vitamin K,13378,BMP7_HUMAN,P18075,655
13,Vitamin K,15960,AMD_HUMAN,P19021,5066
13,Vitamin K,8172,RXRA_HUMAN,P19793,6256
13,Vitamin K,20088,NFKB1_HUMAN,P19838,4790
13,Vitamin K,16898,AT2B1_HUMAN,P20020,490
13,Vitamin K,8784,TCO1_HUMAN,P20061,6947
13,Vitamin K,8785,TCO2_HUMAN,P20062,6948
13,Vitamin K,17969,GSTM3_HUMAN,P21266,2947
13,Vitamin K,19890,MUTA_HUMAN,P22033,4594
13,Vitamin K,8689,UD14_HUMAN,P22310,54657
13,Vitamin K,1386,ENPP1_HUMAN,P22413,5167
13,Vitamin K,6492,FGFR4_HUMAN,P22455,2264
13,Vitamin K,15788,ADRO_HUMAN,P22570,2232
13,Vitamin K,6618,FGFR3_HUMAN,P22607,2261
13,Vitamin K,3955,PROZ_HUMAN,P22891,8858
13,Vitamin K,2693,DGKA_HUMAN,P23743,1606
13,Vitamin K,2540,CCND1_HUMAN,P24385,595
13,Vitamin K,2996,CDK2_HUMAN,P24941,1017
13,Vitamin K,19394,IF_HUMAN,P27352,2694
13,Vitamin K,4571,RXRB_HUMAN,P28702,6257
13,Vitamin K,10464,RABP2_HUMAN,P29373,1382
13,Vitamin K,10517,PDIA3_HUMAN,P30101,2923
13,Vitamin K,16468,UFO_HUMAN,P30530,558
13,Vitamin K,7585,TSPO_HUMAN,P30536,706
13,Vitamin K,8394,S5A2_HUMAN,P31213,6716
13,Vitamin K,19684,MRP1_HUMAN,P33527,4363
13,Vitamin K,17989,GPC1_HUMAN,P35052,2817
13,Vitamin K,10808,PGH2_HUMAN,P35354,5743
13,Vitamin K,16457,UD13_HUMAN,P35503,54659
13,Vitamin K,13105,CBS_HUMAN,P35520,875
13,Vitamin K,9023,TIMP3_HUMAN,P35625,7078
13,Vitamin K,14293,VKGC_HUMAN,P38435,2677
13,Vitamin K,12042,LICH_HUMAN,P38571,3988
13,Vitamin K,20149,NNMT_HUMAN,P40261,4837
13,Vitamin K,5593,IL15_HUMAN,P40933,3600
13,Vitamin K,11953,LEP_HUMAN,P41159,3952
13,Vitamin K,13097,CASR_HUMAN,P41180,846
13,Vitamin K,3379,PTGDS_HUMAN,P41222,5730
13,Vitamin K,8171,S19A1_HUMAN,P41440,6573
13,Vitamin K,19624,MTHR_HUMAN,P42898,4524
13,Vitamin K,15763,AFAM_HUMAN,P43652,173
13,Vitamin K,5501,GATA4_HUMAN,P43694,2626
13,Vitamin K,15588,ABCG1_HUMAN,P45844,9619
13,Vitamin K,12111,MAP1B_HUMAN,P46821,4131
13,Vitamin K,5421,YAP1_HUMAN,P46937,10413
13,Vitamin K,16043,AL1A3_HUMAN,P47895,220
13,Vitamin K,17966,GSH1_HUMAN,P48506,2729
13,Vitamin K,12863,NR2C2_HUMAN,P49116,7182
13,Vitamin K,5908,FAS_HUMAN,P49327,2194
13,Vitamin K,9630,TTPA_HUMAN,P49638,7274
13,Vitamin K,4925,STC1_HUMAN,P52823,6781
13,Vitamin K,18770,PDX1_HUMAN,P52945,3651
13,Vitamin K,10374,PA216_HUMAN,P53816,11145
13,Vitamin K,10146,PLTP_HUMAN,P55058,5360
13,Vitamin K,19857,MTP_HUMAN,P55157,4547
13,Vitamin K,1857,CDN2D_HUMAN,P55273,1032
13,Vitamin K,4883,SUMO2_HUMAN,P61956,6613
13,Vitamin K,18959,PP2AB_HUMAN,P62714,5516
13,Vitamin K,5275,UBC9_HUMAN,P63279,7329
13,Vitamin K,18821,PP2AA_HUMAN,P67775,5515
13,Vitamin K,6381,FKB1B_HUMAN,P68106,2281
13,Vitamin K,403,CP4F2_HUMAN,P78329,8529
13,Vitamin K,17464,IRX5_HUMAN,P78411,10265
13,Vitamin K,17463,IRX4_HUMAN,P78413,50805
13,Vitamin K,18014,GSTO1_HUMAN,P78417,9446
13,Vitamin K,10864,PHEX_HUMAN,P78562,5251
13,Vitamin K,6250,HEPC_HUMAN,P81172,57817
13,Vitamin K,11930,LRP2_HUMAN,P98164,4036
13,Vitamin K,12788,OCRL_HUMAN,Q01968,4952
13,Vitamin K,55,CP27A_HUMAN,Q02318,1593
13,Vitamin K,10092,PLOD1_HUMAN,Q02809,5351
13,Vitamin K,19563,MUC2_HUMAN,Q02817,4583
13,Vitamin K,18845,PPARD_HUMAN,Q03181,5467
13,Vitamin K,20042,NPT2A_HUMAN,Q06495,6569
13,Vitamin K,18844,PPARA_HUMAN,Q07869,5465
13,Vitamin K,231,CP24A_HUMAN,Q07973,1591
13,Vitamin K,19558,MN1_HUMAN,Q10571,4330
13,Vitamin K,5826,FUT2_HUMAN,Q10981,2524
13,Vitamin K,12859,NR1H3_HUMAN,Q13133,10062
13,Vitamin K,2675,DMP1_HUMAN,Q13316,1758
13,Vitamin K,2987,CENPR_HUMAN,Q13352,23421
13,Vitamin K,9280,SNW1_HUMAN,Q13573,22938
13,Vitamin K,979,ENPP2_HUMAN,Q13822,5168
13,Vitamin K,13729,AUHM_HUMAN,Q13825,549
13,Vitamin K,13958,BAAT_HUMAN,Q14032,570
13,Vitamin K,7655,TOB2_HUMAN,Q14106,10766
13,Vitamin K,4942,TRI25_HUMAN,Q14258,7706
13,Vitamin K,6371,GAS6_HUMAN,Q14393,2621
13,Vitamin K,13649,BECN1_HUMAN,Q14457,8678
13,Vitamin K,19937,NCOA6_HUMAN,Q14686,23054
13,Vitamin K,19186,POSTN_HUMAN,Q15063,10631
13,Vitamin K,11088,RGN_HUMAN,Q15493,9104
13,Vitamin K,8576,TAF11_HUMAN,Q15544,6882
13,Vitamin K,8749,TAF7_HUMAN,Q15545,6879
13,Vitamin K,13270,BGH3_HUMAN,Q15582,7045
13,Vitamin K,11575,MED1_HUMAN,Q15648,5469
13,Vitamin K,19993,NCOA1_HUMAN,Q15788,8648
13,Vitamin K,12816,MSMO1_HUMAN,Q15800,6307
13,Vitamin K,5352,UB2V2_HUMAN,Q15819,7336
13,Vitamin K,4447,RPE65_HUMAN,Q16518,6121
13,Vitamin K,11192,KYNU_HUMAN,Q16719,8942
13,Vitamin K,16444,UPP1_HUMAN,Q16831,7378
13,Vitamin K,7574,TRXR1_HUMAN,Q16881,7296
13,Vitamin K,20338,P3H1_HUMAN,Q32P28,64175
13,Vitamin K,13348,C27C1_HUMAN,Q4G0S4,339761
13,Vitamin K,72,CTL4_HUMAN,Q53GD3,80736
13,Vitamin K,10175,PDZ11_HUMAN,Q5EBL8,51248
13,Vitamin K,13802,ARH_HUMAN,Q5SW96,26119
13,Vitamin K,19282,KANK2_HUMAN,Q63ZY3,25959
13,Vitamin K,2540,CCND1_HUMAN,Q6FI00,595
13,Vitamin K,10723,RARA_HUMAN,Q6I9R7,5914
13,Vitamin K,2958,CCD62_HUMAN,Q6P9F0,84660
13,Vitamin K,2870,CP26C_HUMAN,Q6V0L0,340665
13,Vitamin K,3028,CP2R1_HUMAN,Q6VVX0,120227
13,Vitamin K,760,GPX1_HUMAN,Q7L4Q3,2876
13,Vitamin K,18317,P4HA3_HUMAN,Q7Z4N8,283208
13,Vitamin K,17828,GLRX5_HUMAN,Q86SX6,51218
13,Vitamin K,18287,OSTB_HUMAN,Q86UW2,123264
13,Vitamin K,11853,MMAA_HUMAN,Q8IVH4,166785
13,Vitamin K,20293,P3H2_HUMAN,Q8IVL5,55214
13,Vitamin K,20412,P3H3_HUMAN,Q8IVL6,10536
13,Vitamin K,14540,VKORL_HUMAN,Q8N0U8,154807
13,Vitamin K,13884,CLYBL_HUMAN,Q8N0X4,171425
13,Vitamin K,10006,PIAS4_HUMAN,Q8N2W9,51588
13,Vitamin K,9549,SFRP1_HUMAN,Q8N474,6422
13,Vitamin K,12701,OGFD1_HUMAN,Q8N543,55239
13,Vitamin K,10318,RDH13_HUMAN,Q8NBN7,112724
13,Vitamin K,6558,FAD1_HUMAN,Q8NFF5,80308
13,Vitamin K,7666,TPC2_HUMAN,Q8NHX9,219931
13,Vitamin K,17486,GDAP1_HUMAN,Q8TB36,54332
13,Vitamin K,3499,RDH11_HUMAN,Q8TC12,51109
13,Vitamin K,10205,PIGO_HUMAN,Q8TEQ8,84720
13,Vitamin K,17937,IPO4_HUMAN,Q8TEX9,79711
13,Vitamin K,4051,SCRB1_HUMAN,Q8WTV0,949
13,Vitamin K,16874,AQP3_HUMAN,Q92482,360
13,Vitamin K,10469,RDH1_HUMAN,Q92781,5959
13,Vitamin K,11574,MED12_HUMAN,Q93074,9968
13,Vitamin K,5966,HMR1_HUMAN,Q95460,3140
13,Vitamin K,9962,RIFK_HUMAN,Q969G6,55312
13,Vitamin K,16945,ARRD3_HUMAN,Q96B67,57561
13,Vitamin K,11692,MMAB_HUMAN,Q96EY8,326625
13,Vitamin K,8391,S47A1_HUMAN,Q96FL8,55244
13,Vitamin K,9857,PLPP_HUMAN,Q96GD0,57026
13,Vitamin K,9545,SMRD1_HUMAN,Q96GM5,6602
13,Vitamin K,5602,MED30_HUMAN,Q96HR3,90390
13,Vitamin K,4045,SCLY_HUMAN,Q96I15,51540
13,Vitamin K,1472,EGLN2_HUMAN,Q96KS0,112398
13,Vitamin K,11097,RDH12_HUMAN,Q96NR8,145226
13,Vitamin K,15926,ALKB3_HUMAN,Q96Q83,221120
13,Vitamin K,12860,NR1H4_HUMAN,Q96RI1,9971
13,Vitamin K,15792,ACOX2_HUMAN,Q99424,8309
13,Vitamin K,12130,LGMN_HUMAN,Q99538,5641
13,Vitamin K,2276,CDX2_HUMAN,Q99626,1045
13,Vitamin K,859,GFI1_HUMAN,Q99684,2672
13,Vitamin K,7144,METH_HUMAN,Q99707,4548
13,Vitamin K,14169,VKOR1_HUMAN,Q9BQB6,79001
13,Vitamin K,1923,CSTN3_HUMAN,Q9BQT9,9746
13,Vitamin K,15835,AIFM2_HUMAN,Q9BRQ8,84883
13,Vitamin K,2601,DHRS4_HUMAN,Q9BTZ2,10901
13,Vitamin K,9171,THTPA_HUMAN,Q9BU02,79178
13,Vitamin K,6634,FANCJ_HUMAN,Q9BX63,83990
13,Vitamin K,16560,STRA6_HUMAN,Q9BX79,64220
13,Vitamin K,15394,AMNLS_HUMAN,Q9BXJ7,81693
13,Vitamin K,8044,TMG4_HUMAN,Q9BZD6,79056
13,Vitamin K,4596,S19A3_HUMAN,Q9BZV2,80704
13,Vitamin K,784,EGLN1_HUMAN,Q9GZT9,54583
13,Vitamin K,5778,FGF23_HUMAN,Q9GZV9,8074
13,Vitamin K,11849,MMAD_HUMAN,Q9H3L0,27249
13,Vitamin K,15187,TXNIP_HUMAN,Q9H3M7,10628
13,Vitamin K,9671,TPK1_HUMAN,Q9H3S4,27010
13,Vitamin K,17666,GSTO2_HUMAN,Q9H4Y5,119391
13,Vitamin K,1383,EGLN3_HUMAN,Q9H6Z9,112399
13,Vitamin K,18222,PANK3_HUMAN,Q9H999,79646
13,Vitamin K,8196,S52A2_HUMAN,Q9HAB3,79581
13,Vitamin K,18967,PPCS_HUMAN,Q9HAB8,79717
13,Vitamin K,13622,BCDO1_HUMAN,Q9HAY6,53630
13,Vitamin K,11098,RDH14_HUMAN,Q9HBH5,57665
13,Vitamin K,396,CP4FB_HUMAN,Q9HBI6,57834
13,Vitamin K,7560,TPC_HUMAN,Q9HC21,60386
13,Vitamin K,398,CP4FC_HUMAN,Q9HCS2,66002
13,Vitamin K,2431,CD320_HUMAN,Q9NPF0,51293
13,Vitamin K,5604,MED4_HUMAN,Q9NPJ6,29079
13,Vitamin K,4090,S52A3_HUMAN,Q9NQ40,113278
13,Vitamin K,2115,CP26B_HUMAN,Q9NR63,56603
13,Vitamin K,18766,MXRA5_HUMAN,Q9NR99,25878
13,Vitamin K,13644,BAZ1A_HUMAN,Q9NRL2,11177
13,Vitamin K,15905,ADPPT_HUMAN,Q9NRN7,60496
13,Vitamin K,12293,LMBD1_HUMAN,Q9NUN5,55788
13,Vitamin K,19648,MED17_HUMAN,Q9NVC6,9440
13,Vitamin K,4212,S52A1_HUMAN,Q9NWF4,55065
13,Vitamin K,18517,P4HTM_HUMAN,Q9NXG6,54681
13,Vitamin K,573,CP39A_HUMAN,Q9NYL5,51302
13,Vitamin K,10199,RDH8_HUMAN,Q9NYR8,50700
13,Vitamin K,19630,MTRR_HUMAN,Q9UBK8,4552
13,Vitamin K,8381,S14L4_HUMAN,Q9UDX3,284904
13,Vitamin K,19436,KLOT_HUMAN,Q9UEF7,9365
13,Vitamin K,4582,S23A2_HUMAN,Q9UGH3,9962
13,Vitamin K,19961,NPCL1_HUMAN,Q9UHC9,29881
13,Vitamin K,4581,S23A1_HUMAN,Q9UHI7,9963
13,Vitamin K,12849,MED13_HUMAN,Q9UHV7,9969
13,Vitamin K,19649,MED23_HUMAN,Q9ULK4,9439
13,Vitamin K,8427,SC5A6_HUMAN,Q9Y289,8884
13,Vitamin K,13710,COG6_HUMAN,Q9Y2V7,57511
13,Vitamin K,5064,TR150_HUMAN,Q9Y2W1,9967
13,Vitamin K,11669,MED16_HUMAN,Q9Y2X0,10025
13,Vitamin K,12634,MMAC_HUMAN,Q9Y4U1,25974
13,Vitamin K,5276,UBIA1_HUMAN,Q9Y5Z9,29914
13,Vitamin K,491,DNM3A_HUMAN,Q9Y6K1,1788
13,Vitamin K,19995,NCOA3_HUMAN,Q9Y6Q9,8202
13,Vitamin K,5290,VDR_HUMAN,F1D8P8,7421
13,Vitamin K,8043,TMG1_HUMAN,O14668,5638
13,Vitamin K,10168,PLPHP_HUMAN,O94903,11212
13,Vitamin K,8441,S100G_HUMAN,P29377,795
13,Vitamin K,10117,RET2_HUMAN,P50120,5948
13,Vitamin K,10144,RET5_HUMAN,P82980,83758
13,Vitamin K,6884,ISX_HUMAN,Q2M1V0,91464
13,Vitamin K,5444,TYSY_HUMAN,Q53Y97,7298
13,Vitamin K,19747,OGFD2_HUMAN,Q6N063,79676
13,Vitamin K,11021,RETST_HUMAN,Q6NUM9,54884
13,Vitamin K,19748,OGFD3_HUMAN,Q6PK18,79701
13,Vitamin K,14126,DR9C7_HUMAN,Q8NEX9,121214
13,Vitamin K,16515,TMG3_HUMAN,Q9BZD7,79057
13,Vitamin K,11805,MGP_HUMAN,A0A024RAX0,4256
13,Vitamin K,10026,RET1_HUMAN,A0A0A0MQT0,5947
13,Vitamin K,14169,VKOR1_HUMAN,A0A0S2Z6I4,79001
13,Vitamin K,15960,AMD_HUMAN,A0A804HIQ0,5066
13,Vitamin K,14636,TYRO_HUMAN,L8B082,7299
13,Vitamin K,12962,CB083_HUMAN,Q53S99,
13,Vitamin K,16288,STC2_HUMAN,Q6FHC9,8614
13,Vitamin K,4170,S23A3_HUMAN,Q6PIS1,151295
13,Vitamin K,10170,RET7_HUMAN,Q96R05,116362
13,Vitamin K,4062,S14L3_HUMAN,Q9UDX4,266629
13,Vitamin K,9857,PLPP_HUMAN,A0A024R1I3,57026
13,Vitamin K,19890,MUTA_HUMAN,A0A024RD82,4594
13,Vitamin K,19186,POSTN_HUMAN,A0A024RDS2,10631
13,Vitamin K,15788,ADRO_HUMAN,A0A0A0MSZ4,2232
13,Vitamin K,15788,ADRO_HUMAN,A0A0C4DFN8,2232
13,Vitamin K,19961,NPCL1_HUMAN,A0A0C4DFX6,29881
13,Vitamin K,15788,ADRO_HUMAN,A0A0C4DGN7,2232
13,Vitamin K,3908,PROS_HUMAN,A0A0S2Z4K3,5627
13,Vitamin K,3908,PROS_HUMAN,A0A0S2Z4L3,5627
13,Vitamin K,14169,VKOR1_HUMAN,A0A0S2Z5X7,79001
13,Vitamin K,4582,S23A2_HUMAN,A0A140VK48,9962
13,Vitamin K,8196,S52A2_HUMAN,A0A6Q8PHF8,79581
13,Vitamin K,14540,VKORL_HUMAN,A8K0F7,154807
13,Vitamin K,19890,MUTA_HUMAN,B2R6K1,4594
13,Vitamin K,12860,NR1H4_HUMAN,B6ZGS9,9971
13,Vitamin K,8196,S52A2_HUMAN,E9PKE4,79581
13,Vitamin K,10169,RET4_HUMAN,Q5VY30,5950
13,Vitamin K,8230,S19A2_HUMAN,A0A024R8Y5,10560
13,Vitamin K,14293,VKGC_HUMAN,A0A8I5QJA4,2677
13,Vitamin K,3720,PROC_HUMAN,B4DPC8,5624
13,Vitamin K,4170,S23A3_HUMAN,B7Z508,151295
